,8850000,9565758,9235233,810.110000,810.110000,0.011957,0.047000,,9080000,9649200,9312671,824.820000,824.820000,0.012062,0.055100,0.006212,0,893,0.000000,1.000000,0.000675,0,893,0.000000,0.020000,7454,7454,0.000000,0.001258,0.001324,0.005697,0.000180,0.070000
,8720000,9479280,9154468,801.700000,801.900000,0.011849,0.050900,,10200000,10960834,10580377,932.470000,932.370000,0.013701,0.077900,0.006150,0,893,0.000000,1.000000,0.000571,0,893,0.000000,0.022000,7331,7331,0.000000,0.001270,0.001362,0.062601,0.001103,0.137900
,8840000,9596221,9262812,811.590000,811.390000,0.011995,0.068900,,10100000,10881827,10503937,926.200000,926.200000,0.013602,0.059000,0.006161,0,893,0.000000,1.000000,0.000803,0,893,0.000000,0.018000,7421,7421,0.000000,0.001263,0.001333,0.026372,0.000399,0.076100
,8830000,9598914,9267643,811.910000,811.810000,0.011999,0.048000,,10200000,10960148,10579936,931.870000,931.770000,0.013700,0.058900,0.006090,0,893,0.000000,1.000000,0.000960,0,893,0.000000,0.028000,7463,7463,0.000000,0.001267,0.001324,0.006692,0.000189,0.083900
,8720000,9484056,9156749,802.200000,802.100000,0.011855,0.056900,,10100000,10936647,10556625,931.400000,931.300000,0.013671,0.060000,0.006205,0,893,0.000000,1.000000,0.000701,0,893,0.000000,0.017000,7334,7334,0.000000,0.001267,0.001364,0.061444,0.001100,0.084000
,8820000,9565742,9235009,810.620000,810.620000,0.011957,0.044100,,9910000,10640547,10269624,909.100000,909.000000,0.013301,0.057000,0.006483,0,893,0.000000,1.000000,0.000699,0,893,0.000000,0.017000,7453,7453,0.000000,0.001248,0.001343,0.075363,0.001258,0.070100
,8210000,8906941,8599597,753.290000,753.290000,0.011134,0.045900,,10200000,10977390,10596441,933.700000,933.700000,0.013722,0.059800,0.006194,0,893,0.000000,1.000000,0.000646,0,893,0.000000,0.015000,7547,7547,0.000000,0.001241,0.001309,0.026784,0.000344,0.072000
,8850000,9617692,9285774,813.500000,813.400000,0.012022,0.045000,,10300000,11110587,10724489,946.290000,946.190000,0.013888,0.055100,0.006566,0,893,0.000000,0.991000,0.000610,0,893,0.000000,0.014000,7524,7524,0.000000,0.001250,0.001312,0.005809,0.000187,0.072000
,8800000,9530124,9201227,806.090000,805.990000,0.011913,0.048000,,10300000,11065473,10681619,940.820000,940.820000,0.013832,0.056900,0.006211,0,893,0.000000,1.000000,0.000629,0,893,0.000000,0.017900,6902,6902,0.000000,0.001244,0.001595,0.128259,0.003734,0.068900
,8850000,9648573,9315638,816.020000,816.020000,0.012061,0.044000,,10200000,10965937,10585055,933.530000,933.530000,0.013707,0.056100,0.006148,0,893,0.000000,1.000000,0.000597,0,893,0.000000,0.017000,7543,7543,0.000000,0.001242,0.001310,0.026858,0.000351,0.072000
,8189999,5651872,8562531,752.150000,752.150000,0.007065,0.065900,,9030000,859082,9326890,826.350000,826.250000,0.001074,0.055900,0.006201,0,893,0.000000,1.000000,0.000630,0,893,0.000000,0.017000,7401,7401,0.000000,0.001261,0.001336,0.027000,0.000362,0.066000
,8109999,5746100,8514342,746.600000,746.600000,0.007183,0.063000,,9520000,907706,9907912,872.770000,872.770000,0.001135,0.052100,0.006150,0,893,0.000000,1.000000,0.000502,0,893,0.000000,0.015000,7345,7345,0.000000,0.001273,0.001365,0.076052,0.001323,0.070100
,8100000,5751103,8472169,742.690000,742.690000,0.007189,0.064100,,9500000,905673,9869794,870.730000,870.630000,0.001132,0.056900,0.006151,0,893,0.000000,1.000000,0.000804,0,893,0.000000,0.017000,7377,7377,0.000000,0.001269,0.001342,0.030046,0.000498,0.077900
,8150000,5757176,8551436,749.700000,749.600000,0.007196,0.066000,,9430000,897555,9797365,863.040000,863.040000,0.001122,0.053900,0.006539,0,893,0.000000,0.991000,0.000650,0,893,0.000000,0.015000,7417,7417,0.000000,0.001270,0.001334,0.027753,0.000401,0.075800
,8109999,5669938,8517858,746.750000,746.750000,0.007087,0.066900,,8810000,840673,9163032,808.200000,808.200000,0.001051,0.049000,0.006093,0,893,0.000000,1.000000,0.000523,0,893,0.000000,0.019000,7388,7391,0.000406,0.001265,0.001328,0.005618,0.000192,0.070100
,8850000,9557835,9221260,809.490000,809.490000,0.011947,0.047000,,9120000,867215,9407334,834.200000,834.200000,0.001084,0.054000,0.006131,0,893,0.000000,1.000000,0.001032,0,893,0.000000,0.013000,7299,7299,0.000000,0.001282,0.001370,0.076003,0.001208,0.067900
,8680000,9440341,9108165,798.500000,798.500000,0.011800,0.042000,,9480000,902360,9849560,867.630000,867.630000,0.001128,0.051900,0.006156,0,893,0.000000,1.000000,0.000711,0,893,0.000000,0.016000,7313,7313,0.000000,0.001288,0.001351,0.026978,0.000360,0.067100
,8790000,9548477,9214631,807.990000,808.190000,0.011936,0.046000,,9340000,891974,9720205,857.560000,857.460000,0.001115,0.051100,0.006136,0,893,0.000000,1.000000,0.000700,0,893,0.000000,0.016000,7311,7311,0.000000,0.001288,0.001352,0.026903,0.000355,0.067000
,8740000,9535955,9197937,807.010000,806.610000,0.011920,0.045000,,9490000,902107,9846503,867.470000,867.370000,0.001128,0.054900,0.006323,0,893,0.000000,1.000000,0.000702,0,893,0.000000,0.016000,7273,7273,0.000000,0.001278,0.001373,0.075213,0.001194,0.070900
,8070000,8735835,8428485,738.820000,738.820000,0.010920,0.042900,,9420000,899813,9808680,865.070000,865.070000,0.001125,0.053100,0.006390,0,893,0.000000,1.000000,0.000797,0,893,0.000000,0.015000,7337,7337,0.000000,0.001283,0.001350,0.027015,0.000499,0.068100
,4139999,4590351,4328338,389.910000,389.910000,0.005738,0.048000,,4210000,4646216,4344623,449.700000,449.700000,0.005808,0.050000,0.006384,0,893,0.000000,1.000000,0.001215,0,893,0.000000,0.021000,4862,4862,0.000000,0.001965,0.002040,0.024168,0.000390,0.056000
,4510000,4994665,4710223,423.280000,423.280000,0.006243,0.044000,,4230000,4714740,4412329,450.800000,450.700000,0.005893,0.051900,0.006244,0,893,0.000000,1.000000,0.001308,0,893,0.000000,0.020000,4870,4870,0.000000,0.001966,0.002035,0.014654,0.000334,0.055000
,4510000,5015000,4729400,425.000000,425.000000,0.006269,0.048000,,4330000,4847909,4536212,464.560000,464.560000,0.006060,0.049000,0.006572,0,893,0.000000,1.000000,0.001158,0,893,0.000000,0.021000,4813,4813,0.000000,0.001964,0.002082,0.061195,0.001335,0.055000
,4440000,4958701,4676210,420.420000,420.220000,0.006198,0.044000,,4340000,4846320,4535502,463.340000,463.240000,0.006058,0.050900,0.006132,0,893,0.000000,1.000000,0.001168,0,893,0.000000,0.019000,4524,4524,0.000000,0.001963,0.002399,0.132589,0.004489,0.053900
,4510000,5002592,4717453,424.300000,424.300000,0.006253,0.046000,,4280000,4785844,4478040,458.800000,458.700000,0.005982,0.051000,0.006227,0,893,0.000000,1.000000,0.001174,0,893,0.000000,0.018000,4875,4875,0.000000,0.001958,0.002037,0.027123,0.000489,0.051100
,4520000,4996323,4711100,424.450000,424.450000,0.006245,0.048900,,4150000,4602119,4304249,444.110000,444.010000,0.005753,0.052900,0.006255,0,893,0.000000,1.000000,0.001432,0,893,0.000000,0.022000,4848,4848,0.000000,0.001953,0.002047,0.027919,0.000491,0.057000
,4520000,5018540,4732738,425.300000,425.300000,0.006273,0.048000,,4260000,4769434,4463420,456.160000,456.160000,0.005962,0.050100,0.006088,0,893,0.000000,1.000000,0.002775,0,893,0.000000,0.019000,4804,4804,0.000000,0.001967,0.002099,0.082959,0.001820,0.055000
,4440000,4946611,4664857,419.300000,419.200000,0.006183,0.046000,,4330000,4835983,4524973,463.540000,463.540000,0.006045,0.049000,0.006190,0,893,0.000000,1.000000,0.001327,0,893,0.000000,0.020000,4847,4847,0.000000,0.001968,0.002044,0.006382,0.000226,0.056900
,4490000,4996171,4711595,423.500000,423.400000,0.006245,0.046000,,3970000,4442205,4157182,424.900000,424.700000,0.005553,0.047000,0.006209,0,893,0.000000,1.000000,0.001594,0,893,0.000000,0.020000,4863,4863,0.000000,0.001966,0.002040,0.027954,0.000438,0.056000
,4480000,5020020,4734134,425.430000,425.430000,0.006275,0.044000,,4330000,4841554,4530448,463.700000,463.700000,0.006052,0.049000,0.006335,0,893,0.000000,1.000000,0.001335,0,893,0.000000,0.019000,4821,4821,0.000000,0.001962,0.002097,0.082824,0.001803,0.054100
,4870000,3506913,5081448,458.300000,458.100000,0.004384,0.061000,,5290000,730916,5483404,564.740000,564.740000,0.000914,0.050000,0.006539,0,893,0.000000,1.000000,0.001284,0,893,0.000000,0.018000,4789,4789,0.000000,0.001972,0.002096,0.061320,0.001391,0.058900
,4780000,3482813,4996779,449.350000,449.350000,0.004354,0.056900,,5590000,773131,5847056,597.200000,597.000000,0.000966,0.050000,0.006585,0,893,0.000000,1.000000,0.000771,0,893,0.000000,0.017000,4863,4863,0.000000,0.001955,0.002037,0.006415,0.000204,0.056900
,4780000,3499421,5042920,453.700000,453.500000,0.004374,0.058000,,5510000,764058,5763553,589.900000,589.900000,0.000955,0.050000,0.006540,0,893,0.000000,0.996000,0.000733,0,893,0.000000,0.015000,4841,4841,0.000000,0.001966,0.002049,0.027180,0.000433,0.056000
,4790000,3539122,5039620,453.300000,453.300000,0.004424,0.057000,,5580000,772148,5838123,596.300000,596.300000,0.000965,0.050000,0.006187,0,893,0.000000,1.000000,0.000803,0,893,0.000000,0.018000,4799,4799,0.000000,0.001972,0.002093,0.066127,0.001454,0.053000
,4390000,3268446,4610352,414.600000,414.600000,0.004086,0.054000,,5570000,771555,5822708,595.800000,595.700000,0.000964,0.051900,0.006212,0,893,0.000000,1.000000,0.000903,0,893,0.000000,0.017000,4857,4857,0.000000,0.001968,0.002040,0.006272,0.000220,0.057100
,4160000,4597026,4331518,390.710000,390.710000,0.005746,0.049000,,5320000,733039,5486192,566.600000,566.500000,0.000916,0.051000,0.006378,0,893,0.000000,1.000000,0.001284,0,893,0.000000,0.016000,4859,4859,0.000000,0.001959,0.002038,0.005954,0.000208,0.057900
,4490000,5005611,4717104,424.300000,424.200000,0.006257,0.045000,,5550000,768573,5810699,593.600000,593.500000,0.000961,0.051000,0.006140,0,893,0.000000,1.000000,0.000919,0,893,0.000000,0.017000,4871,4871,0.000000,0.001959,0.002034,0.027962,0.000435,0.059100
,4520000,5030030,4740163,426.270000,426.270000,0.006288,0.048000,,5590000,775619,5851496,598.900000,598.800000,0.000970,0.047000,0.006159,0,893,0.000000,1.000000,0.001107,0,893,0.000000,0.017000,4464,4464,0.000000,0.001964,0.002519,0.130926,0.004875,0.054000
,4470000,4970461,4683980,421.320000,421.220000,0.006213,0.049000,,5620000,777560,5879233,600.500000,600.500000,0.000972,0.051000,0.006272,0,893,0.000000,1.000000,0.000891,0,893,0.000000,0.017000,4855,4855,0.000000,0.001968,0.002041,0.006324,0.000202,0.058900
,4520000,5009700,4721006,424.550000,424.550000,0.006262,0.049900,,5530000,766748,5787193,592.010000,592.010000,0.000958,0.051900,0.006212,0,893,0.000000,1.000000,0.000873,0,893,0.000000,0.018000,4848,4848,0.000000,0.001966,0.002046,0.027946,0.000447,0.062000
,3700000,4148242,3867435,352.550000,352.550000,0.005185,0.044000,,3390000,3776910,3487610,362.300000,362.200000,0.004721,0.047000,0.006468,0,893,0.000000,1.000000,0.001527,0,893,0.000000,0.022000,4504,4504,0.000000,0.002115,0.002203,0.028231,0.000475,0.055100
,3720000,4160731,3877500,352.600000,352.500000,0.005201,0.040000,,3430000,3882861,3590053,366.530000,366.530000,0.004854,0.046000,0.006268,0,893,0.000000,1.000000,0.001702,0,893,0.000000,0.019000,4463,4463,0.000000,0.002116,0.002266,0.086804,0.001946,0.056900
,3610000,4097231,3819394,347.300000,347.300000,0.005122,0.041000,,3520000,3977992,3676790,377.020000,376.920000,0.004972,0.047000,0.006273,0,893,0.000000,1.000000,0.001530,0,893,0.000000,0.021000,4527,4527,0.000000,0.002115,0.002189,0.006473,0.000220,0.057000
,3680000,4146571,3865400,351.500000,351.400000,0.005183,0.043000,,3230000,3650000,3374581,344.800000,344.700000,0.004563,0.043000,0.006322,0,893,0.000000,1.000000,0.001631,0,893,0.000000,0.020000,4524,4524,0.000000,0.002113,0.002193,0.014742,0.000332,0.057100
,3700000,4144211,3863200,351.300000,351.200000,0.005180,0.045000,,3510000,3974271,3673432,376.600000,376.500000,0.004968,0.043000,0.011375,0,893,0.000000,1.000000,0.001566,0,893,0.000000,0.019000,4470,4470,0.000000,0.002106,0.002249,0.077198,0.001634,0.056900
,3720000,4148436,3866408,352.650000,352.550000,0.005186,0.044000,,3410000,3818899,3526997,365.530000,365.430000,0.004774,0.050000,0.006265,0,893,0.000000,1.000000,0.001588,0,892,0.000000,0.019000,4473,4473,0.000000,0.002109,0.002246,0.074321,0.001599,0.060900
,3640000,4121141,3841741,349.250000,349.250000,0.005151,0.041000,,3430000,3883544,3590459,366.900000,366.900000,0.004854,0.047000,0.006258,0,893,0.000000,1.000000,0.001698,0,893,0.000000,0.021000,4521,4521,0.000000,0.002120,0.002192,0.006170,0.000218,0.057100
,3690000,4151291,3869800,351.900000,351.800000,0.005189,0.041000,,3480000,3937962,3639537,373.500000,373.500000,0.004922,0.047000,0.006215,0,893,0.000000,1.000000,0.001612,0,893,0.000000,0.021000,4501,4501,0.000000,0.002121,0.002205,0.015994,0.000380,0.058900
,3450000,3877984,3615069,328.640000,328.640000,0.004847,0.042900,,3520000,3976275,3676064,375.820000,375.720000,0.004970,0.047000,0.006273,0,893,0.000000,1.000000,0.001535,0,893,0.000000,0.021000,4456,4456,0.000000,0.002116,0.002247,0.060271,0.001313,0.056100
,3620000,4085756,3808708,346.350000,346.250000,0.005107,0.042000,,3520000,3983990,3682628,377.200000,377.200000,0.004980,0.046000,0.006252,0,893,0.000000,1.000000,0.001505,0,893,0.000000,0.019000,4516,4516,0.000000,0.002120,0.002196,0.006297,0.000230,0.057900
,4210000,3080366,4398301,401.400000,401.400000,0.003850,0.053000,,5100000,767351,5263542,543.060000,543.060000,0.000959,0.050000,0.006438,0,893,0.000000,1.000000,0.000774,0,893,0.000000,0.015000,4505,4505,0.000000,0.002115,0.002206,0.029391,0.000541,0.056100
,4179999,3053013,4389105,399.400000,399.300000,0.003816,0.054000,,5270000,797840,5524685,564.260000,564.260000,0.000997,0.048000,0.006225,0,893,0.000000,1.000000,0.000706,0,893,0.000000,0.018000,4523,4523,0.000000,0.002119,0.002192,0.006499,0.000234,0.059900
,4070000,3107632,4290177,390.300000,390.300000,0.003885,0.056000,,5320000,806506,5571734,570.400000,570.300000,0.001008,0.048000,0.006212,0,893,0.000000,1.000000,0.000916,0,893,0.000000,0.019900,4130,4130,0.000000,0.002118,0.002671,0.131537,0.004849,0.053900
,4170000,3074920,4367217,397.500000,397.410000,0.003844,0.055900,,5290000,797857,5525421,564.370000,564.370000,0.000997,0.053900,0.006222,0,893,0.000000,1.000000,0.000730,0,893,0.000000,0.018000,4514,4514,0.000000,0.002119,0.002198,0.028327,0.000461,0.060000
,4170000,3096139,4365991,397.300000,397.200000,0.003870,0.055100,,5340000,809699,5596391,572.670000,572.570000,0.001012,0.051100,0.006201,0,893,0.000000,1.000000,0.000827,0,893,0.000000,0.019000,4510,4510,0.000000,0.002114,0.002198,0.006664,0.000219,0.056000
,3710000,4167032,3881443,353.750000,353.750000,0.005209,0.047000,,5070000,761685,5222826,539.120000,539.020000,0.000952,0.050900,0.006519,0,893,0.000000,1.000000,0.001263,0,893,0.000000,0.017000,4507,4507,0.000000,0.002114,0.002204,0.032496,0.000593,0.058100
,3660000,4121857,3839542,349.400000,349.400000,0.005152,0.042000,,5290000,799680,5539691,565.670000,565.670000,0.001000,0.051100,0.006212,0,893,0.000000,1.000000,0.000884,0,893,0.000000,0.016000,4481,4481,0.000000,0.002104,0.002249,0.086671,0.001854,0.057900
,3700000,4176071,3890068,354.000000,353.900000,0.005220,0.043000,,4860000,735099,5075792,519.860000,519.760000,0.000919,0.051900,0.006217,0,893,0.000000,1.000000,0.000868,0,893,0.000000,0.017000,4499,4499,0.000000,0.002117,0.002208,0.027510,0.000518,0.060900
,3720000,4165850,3880176,353.300000,353.000000,0.005207,0.042000,,5330000,807486,5592089,571.240000,571.140000,0.001009,0.047100,0.006530,0,893,0.000000,1.000000,0.000769,0,893,0.000000,0.016000,4516,4516,0.000000,0.002119,0.002196,0.006973,0.000224,0.058000
,3640000,4122322,3840048,349.350000,349.350000,0.005153,0.044000,,5310000,802701,5547878,567.660000,567.660000,0.001003,0.050900,0.006198,0,893,0.000000,1.000000,0.000819,0,893,0.000000,0.017000,4451,4451,0.000000,0.002125,0.002276,0.062183,0.001679,0.052100
,6230000,6828208,6492154,563.240000,570.930000,0.008535,0.045000,,8189999,8825946,8366746,745.650000,742.460000,0.011032,0.053900,0.006145,0,893,0.000000,1.000000,0.000795,0,893,0.000000,0.018000,3031,3031,0.000000,0.001436,0.003401,0.059587,0.005108,0.036000
,6190000,6863900,6516240,565.400000,571.600000,0.008580,0.044000,,8330000,9134206,8663896,763.500000,763.400000,0.011418,0.053000,0.006239,0,893,0.000000,1.000000,0.000853,0,893,0.000000,0.016000,822,822,0.000000,0.001446,0.012572,0.021574,0.007255,0.013000
,6210000,6865003,6516240,565.300000,571.600000,0.008581,0.043000,,8450000,9244031,8767522,773.550000,773.550000,0.011555,0.055900,0.006584,0,893,0.000000,1.000000,0.000844,0,893,0.000000,0.017000,906,906,0.000000,0.011010,0.011603,0.026718,0.000688,0.013000
,5720000,6298865,5979020,518.680000,524.480000,0.007874,0.041000,,8440000,9250931,8774886,772.800000,772.800000,0.011564,0.053000,0.006165,0,893,0.000000,1.000000,0.000880,0,893,0.000000,0.017000,672,672,0.000000,0.010501,0.015559,0.056666,0.005117,0.011000
,6230000,6885246,6536651,566.970000,573.470000,0.008607,0.042000,,8340000,9159726,8687218,767.070000,766.970000,0.011450,0.052100,0.006160,0,893,0.000000,1.000000,0.000812,0,893,0.000000,0.020000,683,683,0.000000,0.010506,0.015165,0.021523,0.004474,0.012000
,6300000,6907746,6569572,569.400000,577.600000,0.008635,0.043000,,8160000,8800209,8342235,743.700000,740.400000,0.011000,0.054000,0.007987,0,893,0.000000,1.000000,0.000921,0,893,0.000000,0.018000,1092,1092,0.000000,0.001424,0.009666,0.041643,0.005904,0.487500
,6250000,6871490,6521118,565.830000,572.030000,0.008589,0.043000,,8450000,9257922,8781218,773.930000,774.030000,0.011572,0.054900,0.006219,0,893,0.000000,1.000000,0.002191,0,893,0.000000,0.019000,557,557,0.000000,0.010507,0.019291,0.115558,0.008019,0.012000
,6180000,6837837,6490810,563.060000,569.370000,0.008547,0.039000,,8410000,9233572,8757544,772.770000,772.770000,0.011542,0.051100,0.006159,0,893,0.000000,1.000000,0.000868,0,893,0.000000,0.082000,3094,3094,0.000000,0.001429,0.003311,0.020565,0.004011,0.034000
,6230000,6889687,6539340,567.330000,573.630000,0.008612,0.042000,,8359999,9171839,8699701,766.470000,766.370000,0.011465,0.052100,0.006155,0,893,0.000000,1.000000,0.000854,0,893,0.000000,0.020000,2670,2670,0.000000,0.001432,0.003849,0.035994,0.005409,0.038000
,6270000,6922443,6572367,570.030000,576.520000,0.008653,0.044000,,8410000,9198514,8724404,769.660000,769.660000,0.011498,0.055900,0.006187,0,893,0.000000,1.000000,0.000825,0,893,0.000000,0.021000,592,597,0.008375,0.010510,0.017347,0.031401,0.004539,0.013000
,7650000,5326456,8000446,543.000000,705.500000,0.006658,0.063000,,1660000,139531,1702966,57.860000,156.360000,0.000174,0.013000,0.006212,0,893,0.000000,1.000000,0.000675,0,893,0.000000,0.016000,1073,1073,0.000000,0.001447,0.009979,0.076104,0.005191,0.013000
,7440000,5307658,7799058,537.940000,685.890000,0.006635,0.062100,,1630000,130292,1688033,49.750000,148.850000,0.000163,0.014000,0.006218,0,893,0.000000,1.000000,0.000711,0,893,0.000000,0.016000,586,586,0.000000,0.010529,0.017581,0.024257,0.004398,0.011000
,7510000,5407819,7863534,539.060000,691.610000,0.006760,0.065900,,1680000,134807,1742420,49.950000,155.040000,0.000169,0.016000,0.011324,0,893,0.000000,1.000000,0.000799,0,893,0.000000,0.017000,787,787,0.000000,0.010456,0.013237,0.024295,0.003606,0.012000
,7540000,5391249,7909584,538.800000,695.600000,0.006739,0.061000,,1630000,130517,1692406,49.950000,149.050000,0.000163,0.012000,0.006281,0,893,0.000000,1.000000,0.001585,0,893,0.000000,0.016000,1083,1083,0.000000,0.001462,0.009779,0.058139,0.004785,0.013000
,7410000,5245737,7756260,534.130000,682.140000,0.006557,0.064900,,1660000,133824,1728613,50.050000,153.550000,0.000167,0.014000,0.006252,0,893,0.000000,1.000000,0.000623,0,893,0.000000,0.016000,2507,2507,0.000000,0.001439,0.004073,0.037700,0.006338,0.032000
,6250000,6873560,6531852,566.700000,574.700000,0.008592,0.044000,,1660000,137526,1698649,57.500000,153.700000,0.000172,0.014000,0.006536,0,893,0.000000,1.000000,0.001177,0,893,0.000000,0.017000,6569,6569,0.000000,0.001438,0.001505,0.026406,0.000362,0.065900
,6230000,6878361,6523059,566.400000,572.600000,0.008598,0.042000,,1640000,131331,1704904,50.050000,150.150000,0.000164,0.012000,0.006148,0,893,0.000000,1.000000,0.000786,0,893,0.000000,0.019000,6565,6565,0.000000,0.001436,0.001507,0.022775,0.000324,0.049000
,5790000,6387124,6059768,526.430000,531.930000,0.007984,0.037000,,1640000,131542,1704533,50.200000,150.200000,0.000164,0.014000,0.006151,0,893,0.000000,1.000000,0.000707,0,893,0.000000,0.018000,4029,4030,0.000248,0.001437,0.002561,0.074203,0.003484,0.032100
,6170000,6855830,6501747,564.740000,570.730000,0.008570,0.045000,,1640000,131235,1701546,50.150000,149.950000,0.000164,0.014000,0.006209,0,893,0.000000,1.000000,0.000931,0,893,0.000000,0.018000,3270,3270,0.000000,0.001449,0.003133,0.026403,0.003728,0.029900
,6260000,6893719,6539599,567.660000,574.050000,0.008617,0.043900,,1640000,131200,1703200,50.000000,150.000000,0.000164,0.014000,0.006187,0,893,0.000000,1.000000,0.000724,0,893,0.000000,0.018000,1037,1037,0.000000,0.001438,0.010445,0.118414,0.010813,0.013000
,3950000,4410732,4096077,363.840000,370.730000,0.005513,0.047000,,4080000,4567257,4179396,433.630000,430.830000,0.005709,0.052100,0.006147,0,893,0.000000,1.000000,0.001344,0,893,0.000000,0.020000,1711,1711,0.000000,0.002117,0.006442,0.119862,0.007311,0.023000
,3830000,4352409,4030977,358.400000,363.100000,0.005441,0.043000,,4120000,4705397,4310524,440.060000,440.160000,0.005882,0.052900,0.006225,0,893,0.000000,1.000000,0.001345,0,893,0.000000,0.020000,753,753,0.000000,0.010563,0.014117,0.074461,0.005262,0.012000
,3890000,4410700,4081437,363.200000,367.300000,0.005513,0.045000,,4170000,4759936,4360416,445.400000,445.200000,0.005950,0.050000,0.006225,0,893,0.000000,1.000000,0.001306,0,893,0.000000,0.020000,633,633,0.000000,0.010564,0.016386,0.022967,0.004587,0.013000
,3890000,4396128,4070325,362.000000,366.300000,0.005495,0.049000,,4210000,4812818,4408723,450.400000,450.500000,0.006016,0.049000,0.006267,0,893,0.000000,1.000000,0.001567,0,893,0.000000,0.023000,904,904,0.000000,0.010704,0.011662,0.033828,0.000986,0.012000
,3830000,4364437,4042239,359.580000,363.770000,0.005456,0.044900,,4200000,4789058,4386967,448.150000,448.250000,0.005986,0.053900,0.006273,0,893,0.000000,1.000000,0.001824,0,893,0.000000,0.023000,714,714,0.000000,0.010567,0.014853,0.075727,0.005552,0.014000
,3910000,4400744,4086101,362.840000,368.830000,0.005501,0.046000,,3760000,4231494,3871494,402.500000,399.800000,0.005289,0.049000,0.006302,0,893,0.000000,1.000000,0.001398,0,893,0.000000,0.018000,4526,4526,0.000000,0.002108,0.002191,0.006468,0.000188,0.060900
,3900000,4388096,4062929,361.340000,365.630000,0.005485,0.046000,,4099999,4667724,4275817,436.900000,436.700000,0.005835,0.049000,0.006220,0,893,0.000000,1.000000,0.001351,0,893,0.000000,0.021000,1808,1808,0.000000,0.002124,0.005709,0.024081,0.005427,0.028000
,3880000,4411469,4083298,363.260000,367.470000,0.005514,0.044000,,4200000,4797648,4394932,448.900000,448.900000,0.005997,0.051000,0.006273,0,893,0.000000,1.000000,0.001311,0,893,0.000000,0.020000,572,574,0.003484,0.010517,0.018002,0.024987,0.004285,0.011000
,3830000,4369523,4048101,360.000000,364.300000,0.005462,0.043000,,4200000,4797244,4394696,448.700000,448.700000,0.005997,0.052000,0.006205,0,893,0.000000,1.000000,0.001639,0,893,0.000000,0.019000,905,905,0.000000,0.011284,0.011712,0.050496,0.001758,0.013000
,3900000,4400685,4074400,362.380000,366.670000,0.005501,0.046900,,4160000,4754797,4355782,444.800000,444.700000,0.005943,0.052000,0.006319,0,893,0.000000,1.000000,0.001352,0,893,0.000000,0.021000,783,783,0.000000,0.010559,0.013367,0.027649,0.003663,0.012000
,4580000,3356072,4805153,342.440000,434.030000,0.004195,0.059100,,2740000,353998,2810790,142.060000,291.710000,0.000442,0.033000,0.009148,0,893,0.000000,1.000000,0.001141,0,893,0.000000,0.019000,4524,4524,0.000000,0.002110,0.002195,0.023441,0.000501,0.057100
,4230000,3074514,4425152,314.390000,398.600000,0.003843,0.056900,,2770000,359226,2919639,139.580000,298.100000,0.000449,0.022000,0.006237,0,893,0.000000,1.000000,0.001180,0,893,0.000000,0.017000,3498,3498,0.000000,0.002112,0.002949,0.074877,0.003427,0.047000
,4480000,3349011,4681124,334.700000,421.800000,0.004186,0.055000,,2630000,325233,2746557,108.490000,280.520000,0.000407,0.023000,0.010616,0,893,0.000000,1.000000,0.001119,0,893,0.000000,0.019000,572,572,0.000000,0.010561,0.018047,0.023155,0.004285,0.011000
,4570000,3374563,4788808,342.160000,431.270000,0.004218,0.058900,,2620000,317447,2720526,99.200000,277.770000,0.000397,0.022900,0.006332,0,893,0.000000,1.000000,0.001171,0,893,0.000000,0.018000,843,843,0.000000,0.010568,0.013162,0.120212,0.007577,0.014000
,4480000,3370018,4721420,336.000000,425.200000,0.004213,0.057000,,2620000,320320,2745145,100.100000,280.280000,0.000400,0.022000,0.006271,0,893,0.000000,1.000000,0.000973,0,893,0.000000,0.018000,841,841,0.000000,0.010571,0.012667,0.069343,0.004056,0.013000
,3930000,4414928,4096339,364.300000,370.200000,0.005519,0.047000,,2440000,314646,2482400,127.270000,258.840000,0.000393,0.026000,0.006209,0,893,0.000000,0.997000,0.000982,0,893,0.000000,0.016000,2460,2460,0.000000,0.002100,0.004202,0.061158,0.004319,0.033900
,3890000,4422844,4091824,364.200000,368.500000,0.005529,0.047000,,2820000,362966,2944168,142.040000,300.600000,0.000454,0.024000,0.005991,0,893,0.000000,1.000000,0.000834,0,893,0.000000,0.017000,906,906,0.000000,0.011259,0.011628,0.023325,0.000589,0.013000
,3910000,4418426,4089954,363.840000,368.330000,0.005523,0.044000,,2540000,313478,2671168,100.600000,272.730000,0.000392,0.023000,0.006231,0,893,0.000000,1.000000,0.000808,0,893,0.000000,0.018000,1187,1187,0.000000,0.002107,0.008692,0.031702,0.007673,0.018000
,3860000,4385310,4056291,361.300000,365.300000,0.005482,0.043000,,2650000,331720,2797248,111.500000,285.600000,0.000415,0.021000,0.006473,0,893,0.000000,1.000000,0.001006,0,893,0.000000,0.018000,1103,1103,0.000000,0.002120,0.009524,0.056517,0.006161,0.015000
,3920000,4431345,4100707,364.900000,369.300000,0.005539,0.044000,,2580000,311770,2671216,97.400000,272.830000,0.000390,0.024000,0.006209,0,893,0.000000,1.000000,0.000831,0,893,0.000000,0.019000,904,904,0.000000,0.011014,0.011694,0.039524,0.001299,0.012000
,3300000,3756838,3451652,309.790000,315.480000,0.004696,0.041000,,3310000,3757791,3396150,354.500000,351.100000,0.004697,0.043000,0.006204,0,893,0.000000,1.000000,0.001805,0,893,0.000000,0.021000,4246,4246,0.000000,0.002259,0.002338,0.027210,0.000448,0.055100
,3240000,3696580,3384081,304.400000,308.090000,0.004621,0.043000,,3360000,3873809,3506765,358.040000,358.040000,0.004842,0.044000,0.006319,0,893,0.000000,1.000000,0.001690,0,893,0.000000,0.021000,4255,4255,0.000000,0.002256,0.002331,0.006539,0.000222,0.051000
,3200000,3691824,3376562,304.000000,307.410000,0.004615,0.040000,,3420000,3953570,3578880,365.500000,365.500000,0.004942,0.050000,0.006337,0,893,0.000000,1.000000,0.001702,0,893,0.000000,0.022000,833,833,0.000000,0.002274,0.012786,0.072771,0.006430,0.014000
,3260000,3731851,3417122,307.300000,311.100000,0.004665,0.041000,,3400000,3926045,3553594,363.340000,363.340000,0.004908,0.042000,0.006263,0,893,0.000000,1.000000,0.001709,0,893,0.000000,0.020000,681,681,0.000000,0.010589,0.015310,0.025858,0.004536,0.012000
,2990000,3443384,3149112,284.500000,286.700000,0.004304,0.040000,,3440000,3972537,3596104,367.200000,367.200000,0.004966,0.044000,0.006254,0,893,0.000000,1.000000,0.001701,0,893,0.000000,0.020000,906,906,0.000000,0.011080,0.011669,0.030201,0.000803,0.013000
,3090000,3488011,3206885,288.090000,292.990000,0.004360,0.037000,,3340000,3781580,3415703,357.900000,353.700000,0.004727,0.043000,0.006372,0,893,0.000000,1.000000,0.001740,0,893,0.000000,0.020000,4176,4176,0.000000,0.002241,0.002445,0.075752,0.002282,0.052000
,3200000,3683235,3369816,303.300000,306.790000,0.004604,0.043000,,3370000,3884337,3517350,359.060000,359.160000,0.004855,0.045000,0.006362,0,893,0.000000,1.000000,0.002110,0,893,0.000000,0.020000,908,908,0.000000,0.011084,0.011602,0.016282,0.000214,0.012000
,3240000,3728208,3410532,307.000000,310.500000,0.004660,0.041000,,3400000,3930426,3558001,363.340000,363.240000,0.004913,0.044000,0.006332,0,893,0.000000,1.000000,0.001733,0,893,0.000000,0.020000,808,808,0.000000,0.010597,0.013638,0.124406,0.007812,0.015000
,3260000,3720843,3407124,306.390000,310.190000,0.004651,0.043000,,3430000,3965814,3590052,366.530000,366.530000,0.004957,0.048000,0.006296,0,893,0.000000,1.000000,0.001719,0,893,0.000000,0.020000,613,613,0.000000,0.010592,0.017111,0.064096,0.005304,0.012000
,3210000,3685661,3370950,303.500000,306.990000,0.004607,0.040000,,3440000,3969072,3592857,367.000000,367.000000,0.004961,0.042000,0.006234,0,893,0.000000,1.000000,0.001769,0,893,0.000000,0.020000,908,908,0.000000,0.011095,0.011617,0.016053,0.000226,0.012000
,3940000,2895500,4111310,291.380000,375.850000,0.003619,0.048100,,2720000,384891,2779691,140.100000,289.200000,0.000481,0.024000,0.006423,0,893,0.000000,1.000000,0.000983,0,893,0.000000,0.015000,4266,4266,0.000000,0.002236,0.002323,0.006632,0.000212,0.058000
,3930000,2896601,4104498,292.020000,373.950000,0.003621,0.056900,,2800000,396775,2926144,142.200000,298.700000,0.000496,0.027000,0.007021,0,893,0.000000,1.000000,0.000899,0,893,0.000000,0.019000,4245,4245,0.000000,0.002253,0.002347,0.030275,0.000742,0.055900
,3850000,2974922,4061156,288.600000,370.100000,0.003719,0.053000,,2500000,349598,2616796,117.700000,267.200000,0.000437,0.022000,0.006963,0,893,0.000000,1.000000,0.000892,0,893,0.000000,0.019000,3598,3598,0.000000,0.002252,0.002829,0.064690,0.002648,0.049000
,3870000,2887204,4101442,292.890000,373.670000,0.003609,0.050100,,2360000,329124,2477247,107.990000,253.050000,0.000411,0.023000,0.006253,0,893,0.000000,1.000000,0.000897,0,893,0.000000,0.018000,560,560,0.000000,0.010596,0.018456,0.024738,0.003994,0.014000
,3890000,2928736,4037782,288.020000,367.960000,0.003661,0.053900,,2380000,330230,2486262,108.500000,253.800000,0.000413,0.022000,0.008202,0,893,0.000000,1.000000,0.005870,0,893,0.000000,0.017000,862,862,0.000000,0.010595,0.012196,0.027656,0.002281,0.010000
,3300000,3746588,3439760,308.900000,314.500000,0.004683,0.044000,,2740000,376114,2730014,135.100000,283.500000,0.000470,0.023000,0.008851,0,893,0.000000,1.000000,0.000968,0,893,0.000000,0.017000,4239,4239,0.000000,0.002258,0.002340,0.006553,0.000220,0.056900
,3240000,3702646,3386002,304.900000,308.490000,0.004628,0.039000,,2610000,364908,2772289,114.900000,283.100000,0.000456,0.025000,0.006243,0,893,0.000000,1.000000,0.000992,0,893,0.000000,0.019000,2316,2316,0.000000,0.002256,0.004510,0.075707,0.004638,0.028000
,3210000,3706412,3389485,305.210000,308.810000,0.004633,0.041000,,2650000,387214,2798839,149.750000,285.710000,0.000484,0.026000,0.006380,0,893,0.000000,1.000000,0.002183,0,893,0.000000,0.015000,1095,1095,0.000000,0.002285,0.009608,0.023454,0.003909,0.018000
,3010000,3436175,3142728,283.330000,286.330000,0.004295,0.040900,,2390000,330234,2483313,108.700000,253.700000,0.000413,0.024000,0.006107,0,893,0.000000,1.000000,0.000867,0,893,0.000000,0.019000,644,644,0.000000,0.010563,0.016145,0.024330,0.004661,0.012000
,3240000,3724564,3406950,306.700000,310.400000,0.004656,0.043000,,2400000,333668,2509491,109.500000,256.500000,0.000417,0.022000,0.006209,0,893,0.000000,1.000000,0.000987,0,893,0.000000,0.019000,804,804,0.000000,0.010592,0.013189,0.061813,0.004124,0.012000
,7390000,7982794,7706854,676.320000,676.320000,0.009978,0.042000,,7870000,8417139,8123379,720.000000,720.000000,0.010521,0.049000,0.006436,0,893,0.000000,0.991000,0.000803,0,893,0.000000,0.015000,5594,5594,0.000000,0.001687,0.001802,0.082417,0.001671,0.057100
,7390000,8013124,7736623,677.700000,677.700000,0.010016,0.039000,,8150000,8763412,8459346,745.210000,745.010000,0.010954,0.048900,0.006481,0,893,0.000000,1.000000,0.000717,0,893,0.000000,0.015000,5652,5652,0.000000,0.001682,0.001751,0.014767,0.000286,0.058900
,7350000,7999943,7724940,676.780000,676.680000,0.010000,0.040000,,8220000,8866154,8558622,753.750000,753.750000,0.011083,0.045000,0.006151,0,893,0.000000,1.000000,0.000972,0,893,0.000000,0.017000,5241,5241,0.000000,0.001676,0.002085,0.133027,0.004162,0.048000
,7360000,7961414,7685556,673.330000,673.230000,0.009952,0.040000,,8160000,8785678,8480861,747.100000,747.100000,0.010982,0.048000,0.006272,0,893,0.000000,1.000000,0.001463,0,893,0.000000,0.014000,5604,5604,0.000000,0.001679,0.001791,0.063167,0.001285,0.055000
,7330000,7984624,7708489,676.800000,676.800000,0.009981,0.037000,,8140000,8749274,8445747,743.910000,743.810000,0.010937,0.046900,0.006220,0,893,0.000000,1.000000,0.001002,0,893,0.000000,0.017000,5628,5628,0.000000,0.001691,0.001765,0.030901,0.000577,0.054900
,7420000,8013255,7736255,678.920000,678.920000,0.010017,0.041000,,7820000,8346737,8055308,714.290000,714.290000,0.010433,0.050000,0.006189,0,893,0.000000,1.000000,0.000794,0,893,0.000000,0.017000,5656,5656,0.000000,0.001671,0.001759,0.030789,0.000663,0.054100
,7410000,8053326,7775437,681.100000,681.100000,0.010067,0.038000,,8279999,8920932,8611412,758.600000,758.500000,0.011151,0.050000,0.006417,0,893,0.000000,1.000000,0.000805,0,893,0.000000,0.014000,5673,5673,0.000000,0.001679,0.001745,0.005978,0.000209,0.053900
,7350000,7972974,7697808,674.400000,674.300000,0.009966,0.037000,,7650000,8231609,7946049,699.900000,699.900000,0.010290,0.045000,0.006524,0,893,0.000000,1.000000,0.000712,0,893,0.000000,0.018000,5625,5625,0.000000,0.001675,0.001782,0.064172,0.001272,0.056000
,7430000,8051012,7773154,681.000000,680.900000,0.010064,0.044000,,8199999,8830291,8523954,750.800000,750.700000,0.011038,0.048000,0.008526,0,893,0.000000,1.000000,0.000762,0,893,0.000000,0.014000,5684,5684,0.000000,0.001673,0.001745,0.028680,0.000468,0.057000
,7390000,8043634,7766079,680.280000,680.280000,0.010055,0.040000,,8279999,8917333,8607988,758.200000,758.200000,0.011147,0.048000,0.006188,0,893,0.000000,1.000000,0.000750,0,893,0.000000,0.016000,5679,5679,0.000000,0.001673,0.001743,0.005985,0.000205,0.049000
,6980000,4786781,7277986,639.120000,639.120000,0.005983,0.058900,,7420000,705362,7657648,678.700000,678.600000,0.000882,0.046000,0.006317,0,893,0.000000,1.000000,0.001014,0,893,0.000000,0.032000,5582,5582,0.000000,0.001704,0.001778,0.028723,0.000471,0.054900
,6890000,4862360,7205292,631.600000,631.600000,0.006078,0.061000,,7750000,737955,8056153,709.600000,709.600000,0.000922,0.043000,0.006209,0,893,0.000000,1.000000,0.000627,0,893,0.000000,0.365600,5580,5580,0.000000,0.001689,0.001803,0.078720,0.001574,0.053000
,6960000,4920468,7299979,639.900000,639.900000,0.006151,0.057000,,7710000,735205,8025584,707.010000,706.910000,0.000919,0.046000,0.006154,0,893,0.000000,1.000000,0.000587,0,893,0.000000,0.016000,5566,5566,0.000000,0.001697,0.001781,0.030160,0.000538,0.057900
,6400000,4601382,6737383,590.780000,590.680000,0.005752,0.054100,,7770000,739532,8074188,711.090000,711.090000,0.000924,0.115900,0.006179,0,893,0.000000,1.000000,0.000579,0,893,0.000000,0.014000,5600,5600,0.000000,0.001697,0.001770,0.016064,0.000339,0.056000
,6890000,4818918,7222789,633.130000,633.130000,0.006024,0.055900,,7740000,735755,8032167,707.490000,707.490000,0.000920,0.045900,0.006175,0,893,0.000000,1.000000,0.000655,0,893,0.000000,0.017000,5556,5556,0.000000,0.001699,0.001790,0.041640,0.000796,0.053000
,7270000,7861826,7584737,666.300000,666.300000,0.009827,0.044000,,7450000,710142,7708569,683.280000,683.280000,0.000888,0.044000,0.006140,0,893,0.000000,1.000000,0.000659,0,893,0.000000,0.015000,5587,5587,0.000000,0.001696,0.001809,0.068095,0.001511,0.055900
,7230000,7879564,7602291,666.500000,666.400000,0.009849,0.040000,,7740000,735896,8034491,707.590000,707.590000,0.000920,0.044000,0.006128,0,893,0.000000,1.000000,0.000929,0,893,0.000000,0.019000,5196,5196,0.000000,0.001686,0.002087,0.133704,0.004029,0.049000
,7270000,7903236,7625140,668.500000,668.500000,0.009879,0.038000,,7770000,740569,8084381,712.190000,711.990000,0.000926,0.047000,0.006166,0,893,0.000000,1.000000,0.000758,0,893,0.000000,0.014000,5598,5598,0.000000,0.001704,0.001772,0.028761,0.000484,0.056000
,7250000,7856337,7579880,664.540000,664.440000,0.009820,0.041000,,7810000,742739,8108406,714.200000,714.200000,0.000928,0.045000,0.006514,0,893,0.000000,0.991000,0.000762,0,893,0.000000,0.014000,5554,5554,0.000000,0.001698,0.001813,0.065545,0.001415,0.055900
,7300000,7939867,7660472,671.600000,671.500000,0.009925,0.043000,,7750000,737218,8048105,708.890000,708.890000,0.000922,0.047000,0.006183,0,893,0.000000,1.000000,0.000873,0,893,0.000000,0.016000,5575,5575,0.000000,0.001697,0.001784,0.029715,0.000656,0.054900
,4120000,4566063,4305254,388.120000,388.120000,0.005708,0.045900,,3720000,4101125,3835246,396.500000,396.500000,0.005126,0.047000,0.006111,0,893,0.000000,1.000000,0.001378,0,893,0.000000,0.018000,4015,4015,0.000000,0.002380,0.002477,0.031751,0.000705,0.051900
,4150000,4598389,4336466,389.790000,389.690000,0.005748,0.044000,,3720000,4214004,3943853,402.700000,402.700000,0.005268,0.050900,0.006251,0,893,0.000000,1.000000,0.001400,0,893,0.000000,0.019000,4028,4028,0.000000,0.002381,0.002462,0.029617,0.000495,0.051000
,4070000,4532380,4274264,384.100000,384.100000,0.005665,0.043000,,3720000,4090970,3828675,391.010000,390.910000,0.005114,0.047000,0.006244,0,893,0.000000,1.000000,0.001289,0,893,0.000000,0.020000,4013,4013,0.000000,0.002382,0.002520,0.075145,0.001977,0.048000
,4080000,4559618,4299892,386.500000,386.500000,0.005700,0.042000,,3860000,4324068,4046861,413.210000,413.210000,0.005405,0.045000,0.006275,0,893,0.000000,1.000000,0.005615,0,893,0.000000,0.020000,4024,4024,0.000000,0.002381,0.002473,0.029577,0.000608,0.049900
,4139999,4591610,4330026,389.310000,389.110000,0.005740,0.045000,,3870000,4330806,4053076,414.000000,414.000000,0.005414,0.047000,0.006218,0,893,0.000000,1.000000,0.001445,0,893,0.000000,0.019000,4034,4034,0.000000,0.002380,0.002464,0.028369,0.000548,0.049100
,4170000,4588897,4326950,389.810000,389.810000,0.005736,0.044000,,3730000,4137850,3870267,399.000000,399.000000,0.005172,0.050900,0.006215,0,893,0.000000,1.000000,0.001578,0,893,0.000000,0.019000,4045,4045,0.000000,0.002376,0.002455,0.029654,0.000488,0.053000
,4040000,4518619,4262024,383.100000,383.000000,0.005648,0.040000,,3830000,4269644,3995935,408.000000,408.000000,0.005337,0.048000,0.006297,0,893,0.000000,1.000000,0.001300,0,893,0.000000,0.020000,4019,4019,0.000000,0.002375,0.002499,0.066149,0.001498,0.052900
,3780000,4235865,3993415,359.160000,358.960000,0.005295,0.040000,,3860000,4318018,4041112,412.810000,412.610000,0.005398,0.044000,0.006266,0,893,0.000000,1.000000,0.001684,0,893,0.000000,0.021000,4024,4024,0.000000,0.002381,0.002472,0.029697,0.000644,0.050100
,4150000,4592611,4331017,389.300000,389.200000,0.005741,0.042000,,3880000,4338513,4060322,414.690000,414.690000,0.005423,0.049000,0.006389,0,893,0.000000,1.000000,0.001306,0,893,0.000000,0.019000,4049,4049,0.000000,0.002371,0.002453,0.028273,0.000464,0.051900
,4059999,4537282,4278888,384.520000,384.520000,0.005672,0.042000,,3900000,4364877,4085063,417.100000,417.100000,0.005456,0.045000,0.006236,0,893,0.000000,1.000000,0.001311,0,893,0.000000,0.018000,4018,4018,0.000000,0.002374,0.002540,0.090016,0.002448,0.050900
,4360000,3138836,4535916,409.090000,409.090000,0.003924,0.051900,,4690000,648203,4867933,501.100000,500.900000,0.000810,0.046000,0.006342,0,893,0.000000,1.000000,0.001677,0,893,0.000000,0.015000,3985,3985,0.000000,0.002396,0.002520,0.078892,0.001697,0.050000
,4330000,3127218,4569208,411.000000,410.900000,0.003909,0.056000,,4740000,654812,4953368,505.700000,505.700000,0.000819,0.043000,0.006214,0,893,0.000000,1.000000,0.000837,0,893,0.000000,0.016000,3705,3705,0.000000,0.002395,0.002908,0.136652,0.004819,0.050900
,4370000,3251883,4565872,410.600000,410.600000,0.004065,0.056000,,4860000,670431,5071265,517.760000,517.760000,0.000838,0.046900,0.007691,0,893,0.000000,1.000000,0.001091,0,893,0.000000,0.021000,4011,4011,0.000000,0.002396,0.002479,0.028395,0.000559,0.050900
,4310000,3133269,4538072,408.200000,408.100000,0.003917,0.054000,,4870000,673739,5095768,520.380000,520.280000,0.000842,0.046000,0.006180,0,893,0.000000,1.000000,0.000884,0,893,0.000000,0.016000,3987,3987,0.000000,0.002398,0.002517,0.065781,0.001450,0.049000
,4330000,3214742,4554678,409.690000,409.690000,0.004018,0.055900,,4800000,664718,5026627,513.400000,513.400000,0.000831,0.042000,0.006192,0,893,0.000000,1.000000,0.000880,0,893,0.000000,0.017000,3981,3981,0.000000,0.002390,0.002501,0.030445,0.000735,0.055900
,4110000,4549043,4286507,386.400000,386.400000,0.005686,0.046000,,4630000,636546,4779436,492.010000,492.010000,0.000796,0.046000,0.006207,0,893,0.000000,1.000000,0.000989,0,893,0.000000,0.018000,4026,4026,0.000000,0.002388,0.002465,0.006848,0.000216,0.050900
,4090000,4544055,4282146,385.190000,385.090000,0.005680,0.044000,,4420000,612040,4629093,472.670000,472.670000,0.000765,0.042000,0.006210,0,893,0.000000,1.000000,0.000951,0,893,0.000000,0.016000,4013,4013,0.000000,0.002386,0.002476,0.029679,0.000499,0.051900
,4059999,4507780,4247651,382.530000,382.530000,0.005635,0.041900,,4870000,676224,5113979,522.320000,522.220000,0.000845,0.044000,0.006161,0,893,0.000000,1.000000,0.000849,0,893,0.000000,0.018000,4004,4004,0.000000,0.002387,0.002511,0.065879,0.001538,0.048000
,4050000,4536172,4274712,384.500000,384.500000,0.005670,0.044000,,4830000,665746,5034867,514.170000,514.170000,0.000832,0.043900,0.006118,0,893,0.000000,1.000000,0.001014,0,893,0.000000,0.018000,4016,4016,0.000000,0.002394,0.002477,0.029778,0.000558,0.051000
,4080000,4551826,4289030,386.510000,386.310000,0.005690,0.045000,,4840000,670319,5069953,517.700000,517.700000,0.000838,0.046000,0.006173,0,893,0.000000,1.000000,0.000847,0,893,0.000000,0.017000,4015,4015,0.000000,0.002387,0.002474,0.029630,0.000490,0.052000
,3420000,3835582,3574993,325.800000,325.800000,0.004794,0.039000,,3090000,3444337,3180601,330.330000,330.330000,0.004305,0.041000,0.006369,0,893,0.000000,1.000000,0.001594,0,893,0.000000,0.021000,3762,3762,0.000000,0.002524,0.002684,0.067682,0.001765,0.047000
,3400000,3806680,3548600,322.600000,322.600000,0.004758,0.039000,,3110000,3514804,3249744,331.800000,331.800000,0.004394,0.040000,0.006271,0,893,0.000000,1.000000,0.006419,0,893,0.000000,0.022000,3792,3792,0.000000,0.002521,0.002620,0.029861,0.000519,0.050000
,3130000,3527574,3288304,299.100000,299.100000,0.004409,0.037000,,3180000,3595132,3324012,339.420000,339.320000,0.004494,0.045900,0.006500,0,893,0.000000,1.000000,0.001668,0,893,0.000000,0.019000,3808,3808,0.000000,0.002535,0.002606,0.006787,0.000218,0.047000
,3380000,3836578,3576376,325.330000,325.130000,0.004796,0.039000,,3190000,3618852,3345807,341.840000,341.740000,0.004524,0.039000,0.006218,0,893,0.000000,1.000000,0.001621,0,893,0.000000,0.022000,3769,3769,0.000000,0.002532,0.002672,0.066620,0.001657,0.049000
,3410000,3800519,3542857,322.080000,322.080000,0.004751,0.041000,,3200000,3623672,3350384,342.100000,342.100000,0.004530,0.041000,0.006336,0,893,0.000000,1.000000,0.001959,0,893,0.000000,0.020000,3519,3519,0.000000,0.002527,0.003060,0.135162,0.004902,0.047000
,3430000,3806356,3547803,323.250000,323.250000,0.004758,0.041900,,3110000,3456276,3191988,331.000000,331.000000,0.004320,0.040000,0.006347,0,893,0.000000,1.000000,0.001669,0,893,0.000000,0.020000,3506,3506,0.000000,0.002535,0.003181,0.136550,0.005577,0.046000
,3380000,3814085,3555455,323.320000,323.220000,0.004768,0.039000,,3080000,3495030,3231340,330.130000,330.030000,0.004369,0.042000,0.006270,0,893,0.000000,1.000000,0.001698,0,893,0.000000,0.019000,3818,3818,0.000000,0.002521,0.002600,0.007101,0.000232,0.048000
,3360000,3820279,3561277,323.750000,323.750000,0.004775,0.039900,,3190000,3612487,3340005,341.100000,341.100000,0.004516,0.044000,0.006274,0,893,0.000000,1.000000,0.001655,0,893,0.000000,0.019000,3780,3780,0.000000,0.002519,0.002671,0.067535,0.001784,0.051000
,3410000,3810541,3552152,323.020000,322.920000,0.004763,0.037000,,3200000,3618590,3345682,341.660000,341.560000,0.004523,0.043000,0.006267,0,893,0.000000,1.000000,0.001655,0,893,0.000000,0.022000,3784,3784,0.000000,0.002530,0.002636,0.029994,0.000807,0.050900
,3390000,3820610,3561538,323.880000,323.780000,0.004776,0.042000,,3180000,3601309,3329623,340.140000,340.040000,0.004502,0.039000,0.006459,0,893,0.000000,1.000000,0.001610,0,893,0.000000,0.018000,3808,3808,0.000000,0.002531,0.002608,0.006941,0.000222,0.049000
,3700000,2689010,3872832,353.250000,353.250000,0.003361,0.049000,,4420000,662458,4542579,468.930000,469.030000,0.000828,0.047000,0.006271,0,893,0.000000,1.000000,0.000817,0,893,0.000000,0.019000,3785,3785,0.000000,0.002541,0.002622,0.007093,0.000235,0.049900
,3660000,2675338,3854351,350.750000,350.650000,0.003344,0.048000,,4230000,639281,4428976,452.200000,452.200000,0.000799,0.042000,0.006224,0,893,0.000000,1.000000,0.000907,0,893,0.000000,0.018000,3762,3762,0.000000,0.002530,0.002689,0.080710,0.002026,0.049100
,3600000,2749807,3773553,343.300000,343.300000,0.003437,0.052000,,4640000,700452,4851849,495.600000,495.400000,0.000876,0.042000,0.006223,0,893,0.000000,1.000000,0.001221,0,893,0.000000,0.018000,3785,3785,0.000000,0.002536,0.002622,0.015615,0.000371,0.050900
,3700000,2693904,3864787,351.700000,351.600000,0.003367,0.050000,,4600000,694804,4812945,491.500000,491.500000,0.000869,0.044000,0.006242,0,893,0.000000,1.000000,0.001016,0,893,0.000000,0.016000,3783,3783,0.000000,0.002546,0.002624,0.006479,0.000215,0.047000
,3660000,2740276,3839539,349.500000,349.400000,0.003425,0.049000,,4650000,701639,4859838,496.400000,496.300000,0.000877,0.045000,0.006176,0,893,0.000000,1.000000,0.000984,0,893,0.000000,0.017000,3751,3751,0.000000,0.002540,0.002694,0.089043,0.002100,0.049000
,3280000,3672201,3420184,312.210000,312.210000,0.004590,0.040000,,4470000,669201,4589356,473.800000,473.800000,0.000837,0.042000,0.006479,0,893,0.000000,1.000000,0.000885,0,893,0.000000,0.016000,3758,3758,0.000000,0.002527,0.002678,0.066304,0.001654,0.049000
,3060000,3458661,3221830,293.110000,293.110000,0.004323,0.039000,,4560000,688109,4765214,486.900000,486.700000,0.000860,0.047000,0.006242,0,893,0.000000,1.000000,0.001064,0,893,0.000000,0.016000,3767,3767,0.000000,0.002538,0.002641,0.025355,0.000587,0.050900
,3190000,3558963,3315169,301.800000,301.600000,0.004449,0.039000,,4630000,699230,4844732,494.600000,494.600000,0.000874,0.043000,0.006243,0,893,0.000000,1.000000,0.000834,0,893,0.000000,0.018000,3798,3798,0.000000,0.002531,0.002614,0.006728,0.000214,0.048000
,3210000,3648556,3398658,309.290000,309.290000,0.004561,0.039000,,4660000,702344,4865983,496.810000,496.810000,0.000878,0.047900,0.006161,0,893,0.000000,1.000000,0.000939,0,893,0.000000,0.016000,3766,3766,0.000000,0.002527,0.002702,0.082333,0.002253,0.050900
,3250000,3636856,3387824,308.210000,308.210000,0.004546,0.039000,,4640000,701599,4858974,496.400000,496.300000,0.000877,0.043000,0.006285,0,893,0.000000,1.000000,0.000969,0,893,0.000000,0.017000,3509,3509,0.000000,0.002531,0.003154,0.137223,0.005313,0.045000
,5610000,6152893,5852695,507.290000,515.080000,0.007691,0.043000,,6900000,7439058,7052311,628.070000,625.470000,0.009299,0.045000,0.006160,0,893,0.000000,1.000000,0.002058,0,893,0.000000,0.018000,923,923,0.000000,0.001879,0.011805,0.124101,0.010912,0.015000
,5640000,6217873,5900840,512.010000,517.620000,0.007772,0.042000,,7050000,7743283,7344764,646.950000,646.950000,0.009679,0.045000,0.006219,0,893,0.000000,1.000000,0.001233,0,893,0.000000,0.017000,907,907,0.000000,0.011093,0.011586,0.028287,0.000699,0.013000
,5610000,6198171,5883356,510.390000,516.080000,0.007748,0.041000,,7160000,7843220,7439611,655.200000,655.300000,0.009804,0.044000,0.006199,0,893,0.000000,1.000000,0.001117,0,893,0.000000,0.020000,2081,2081,0.000000,0.001879,0.004978,0.050411,0.005323,0.024000
,5540000,6147368,5836936,506.210000,512.010000,0.007684,0.037000,,7130000,7806644,7404921,652.150000,652.150000,0.009758,0.048000,0.006244,0,893,0.000000,1.000000,0.000991,0,893,0.000000,0.018000,5108,5108,0.000000,0.001872,0.001941,0.027671,0.000430,0.058900
,5640000,6220008,5902717,512.190000,517.780000,0.007775,0.043000,,6530000,7161692,6792361,599.700000,598.200000,0.008952,0.044000,0.006152,28,893,0.031355,1.000000,0.000943,0,893,0.000000,0.019000,5089,5089,0.000000,0.001875,0.001951,0.027672,0.000486,0.055900
,5720000,6270110,5962531,516.900000,524.200000,0.007838,0.038000,,6390000,6909420,6547772,587.600000,582.000000,0.008637,0.041000,0.006477,0,893,0.000000,1.000000,0.000879,0,893,0.000000,0.017000,5126,5126,0.000000,0.001856,0.001931,0.014948,0.000314,0.056900
,5570000,6136298,5827552,505.290000,511.190000,0.007670,0.042000,,7120000,7791122,7390185,650.850000,650.850000,0.009739,0.045000,0.006192,0,893,0.000000,1.000000,0.000893,0,893,0.000000,0.018000,2176,2176,0.000000,0.001850,0.004844,0.076284,0.005089,0.026000
,5600000,6200597,5883356,510.590000,516.080000,0.007751,0.041000,,7100000,7766693,7366982,648.900000,648.900000,0.009708,0.046900,0.006161,0,893,0.000000,1.000000,0.000881,0,893,0.000000,0.017000,814,814,0.000000,0.010525,0.012831,0.026063,0.003231,0.012000
,5630000,6236108,5920240,513.510000,519.320000,0.007795,0.038000,,7140000,7835518,7432244,654.650000,654.550000,0.009794,0.045000,0.006528,0,893,0.000000,1.000000,0.000927,0,893,0.000000,0.020000,551,551,0.000000,0.010525,0.018668,0.023413,0.003882,0.013000
,5600000,6144718,5834251,505.990000,511.780000,0.007681,0.037900,,7150000,7829397,7426511,654.050000,654.150000,0.009787,0.048000,0.006223,0,893,0.000000,1.000000,0.000867,0,893,0.000000,0.022000,2416,2416,0.000000,0.001865,0.004324,0.064604,0.004623,0.027900
,6570000,4562412,6864275,473.000000,603.500000,0.005703,0.055000,,1650000,136706,1684843,56.840000,153.150000,0.000171,0.015000,0.010873,0,893,0.000000,1.000000,0.000973,0,893,0.000000,0.017000,2750,2750,0.000000,0.001865,0.003823,0.044578,0.004396,0.033000
,6450000,4654911,6750440,465.330000,593.210000,0.005819,0.058900,,1640000,131200,1703200,50.000000,150.000000,0.000164,0.013000,0.006225,0,893,0.000000,1.000000,0.000823,0,893,0.000000,0.016000,1774,1774,0.000000,0.001883,0.005883,0.040553,0.005828,0.036000
,6490000,4591680,6796640,466.230000,597.500000,0.005740,0.059900,,1640000,131200,1703200,50.000000,150.000000,0.000164,0.012000,0.006204,0,893,0.000000,1.000000,0.000768,0,893,0.000000,0.016000,3243,3243,0.000000,0.001875,0.003195,0.086853,0.004689,0.042000
,5900000,4287537,6191364,432.730000,543.840000,0.005359,0.051100,,1640000,131115,1702094,49.900000,150.000000,0.000164,0.014000,0.006695,0,893,0.000000,1.000000,0.000798,0,893,0.000000,0.017000,4014,4014,0.000000,0.001883,0.002531,0.044111,0.002620,0.047900
,6420000,4549208,6734941,467.030000,591.710000,0.005687,0.056900,,1640000,131240,1703233,50.000000,150.100000,0.000164,0.012000,0.006265,0,893,0.000000,1.000000,0.000828,0,893,0.000000,0.083000,760,760,0.000000,0.010530,0.013762,0.020712,0.003855,0.485000
,5600000,6156308,5853180,507.800000,515.400000,0.007695,0.043000,,1650000,139054,1690650,60.140000,153.950000,0.000174,0.016000,0.006447,0,893,0.000000,1.000000,0.000937,0,893,0.000000,0.016000,5004,5004,0.000000,0.001877,0.002010,0.074599,0.001647,0.060900
,5490000,6057427,5743846,498.800000,504.200000,0.007572,0.039000,,1640000,131200,1703200,50.000000,150.000000,0.000164,0.013000,0.006156,0,893,0.000000,1.000000,0.000899,0,893,0.000000,0.018000,1371,1371,0.000000,0.001881,0.008054,0.128726,0.008046,0.016000
,5530000,6138792,5822451,505.500000,511.100000,0.007673,0.038000,,1630000,130387,1690713,49.900000,148.900000,0.000163,0.013000,0.006203,0,893,0.000000,1.000000,0.000781,0,893,0.000000,0.018900,5115,5115,0.000000,0.001866,0.001937,0.006101,0.000231,0.054000
,5570000,6137512,5823462,505.390000,511.190000,0.007672,0.040000,,1640000,131200,1703200,50.000000,150.000000,0.000164,0.013000,0.006212,0,893,0.000000,1.000000,0.000808,0,893,0.000000,0.014000,5046,5046,0.000000,0.001863,0.002007,0.082379,0.001904,0.055900
,5530000,6112115,5797490,503.300000,508.910000,0.007640,0.037000,,1640000,131136,1700427,50.050000,149.950000,0.000164,0.014000,0.006203,0,893,0.000000,1.000000,0.000820,0,893,0.000000,0.017000,815,815,0.000000,0.006864,0.012922,0.041708,0.003505,0.011000
,3660000,4088150,3797430,337.260000,343.060000,0.005110,0.040000,,3680000,4106806,3756127,392.610000,388.510000,0.005134,0.046000,0.006541,0,893,0.000000,1.000000,0.001623,0,893,0.000000,0.020000,3797,3797,0.000000,0.002525,0.002617,0.015611,0.000388,0.046000
,3570000,4063382,3761412,334.600000,338.500000,0.005079,0.045000,,3400000,3880874,3554741,363.900000,362.900000,0.004851,0.044000,0.006232,0,893,0.000000,1.000000,0.001425,0,893,0.000000,0.022000,3798,3798,0.000000,0.002528,0.002611,0.006971,0.000228,0.048000
,3600000,4079947,3777636,335.960000,339.960000,0.005100,0.043000,,3800000,4332035,3968512,405.200000,405.200000,0.005415,0.049000,0.006460,0,893,0.000000,1.000000,0.001518,0,893,0.000000,0.020000,2835,2835,0.000000,0.002514,0.003571,0.061655,0.004087,0.040000
,3580000,4058524,3759189,334.200000,338.300000,0.005073,0.043000,,3790000,4330953,3967435,405.200000,405.200000,0.005414,0.048000,0.006068,0,893,0.000000,1.000000,0.001498,0,893,0.000000,0.022000,787,787,0.000000,0.010555,0.013281,0.021562,0.003581,0.012000
,3620000,4092977,3790794,337.040000,341.240000,0.005116,0.043000,,3770000,4299649,3938711,402.400000,402.200000,0.005375,0.048000,0.006064,0,893,0.000000,1.000000,0.001616,0,893,0.000000,0.020000,906,906,0.000000,0.011108,0.011627,0.016430,0.000488,0.014000
,3670000,4132137,3836876,340.880000,346.890000,0.005165,0.042100,,3750000,4185625,3828307,400.100000,395.900000,0.005232,0.046000,0.006404,0,893,0.000000,1.000000,0.001790,0,893,0.000000,0.023000,3223,3223,0.000000,0.002519,0.003121,0.022842,0.002139,0.045000
,3580000,4067815,3766535,334.970000,338.960000,0.005085,0.040000,,3810000,4336768,3972729,405.790000,405.790000,0.005421,0.044000,0.008343,0,893,0.000000,1.000000,0.001426,0,893,0.000000,0.021000,903,903,0.000000,0.011271,0.011843,0.074744,0.003292,0.012000
,3300000,3740534,3464590,308.490000,311.790000,0.004676,0.041000,,3790000,4339240,3975180,405.800000,405.800000,0.005424,0.049000,0.006388,0,893,0.000000,1.000000,0.001472,0,893,0.000000,0.020000,718,718,0.000000,0.010560,0.014493,0.025139,0.004303,0.014000
,3620000,4102243,3796970,337.800000,341.700000,0.005128,0.042000,,3770000,4304057,3942809,402.700000,402.600000,0.005380,0.043000,0.006165,0,893,0.000000,1.000000,0.001593,0,893,0.000000,0.022000,682,682,0.000000,0.010510,0.015240,0.021629,0.004518,0.014000
,3620000,4077955,3778080,335.800000,340.000000,0.005097,0.041000,,3800000,4341580,3977170,406.190000,406.190000,0.005427,0.047000,0.006235,0,893,0.000000,1.000000,0.001378,0,893,0.000000,0.020000,1970,1970,0.000000,0.002527,0.005728,0.128711,0.007775,0.024000
,4130000,3006745,4314729,309.510000,389.790000,0.003758,0.051100,,2260000,293448,2324338,117.980000,241.760000,0.000367,0.024000,0.006297,0,893,0.000000,1.000000,0.000943,0,893,0.000000,0.019000,1324,1324,0.000000,0.002535,0.008293,0.136748,0.010704,0.023000
,4120000,3003259,4328339,305.800000,389.800000,0.003754,0.053000,,2330000,298669,2438297,114.190000,248.950000,0.000373,0.024000,0.006312,0,893,0.000000,1.000000,0.001258,0,892,0.000000,0.019000,906,906,0.000000,0.011108,0.011611,0.016499,0.000424,0.012000
,4090000,3107043,4296282,308.890000,386.910000,0.003884,0.058900,,2220000,283314,2325328,106.100000,237.500000,0.000354,0.023000,0.006348,0,893,0.000000,1.000000,0.001059,0,893,0.000000,0.018000,2767,2767,0.000000,0.002533,0.003669,0.028292,0.002936,0.037000
,4139999,3015188,4313776,311.110000,388.490000,0.003769,0.053100,,2140000,261589,2236215,82.580000,228.430000,0.000327,0.019000,0.006233,0,893,0.000000,1.000000,0.000954,0,893,0.000000,0.019000,1498,1498,0.000000,0.002529,0.006954,0.075243,0.007334,0.023000
,4080000,3051737,4309878,308.900000,388.300000,0.003815,0.051000,,2080000,255040,2178030,81.020000,222.380000,0.000319,0.021000,0.006275,0,893,0.000000,1.000000,0.000951,0,893,0.000000,0.019000,906,906,0.000000,0.011269,0.011625,0.025905,0.000640,0.013000
,3660000,4094255,3798784,337.700000,343.500000,0.005118,0.047000,,2230000,289240,2279939,117.700000,237.500000,0.000362,0.021000,0.006199,0,893,0.000000,1.000000,0.001143,0,893,0.000000,0.019000,3800,3800,0.000000,0.002529,0.002611,0.006523,0.000221,0.047000
,3570000,4050830,3750511,333.570000,337.760000,0.005064,0.047000,,2320000,294472,2425913,108.800000,247.700000,0.000368,0.023000,0.006222,0,893,0.000000,1.000000,0.000986,0,893,0.000000,0.017000,1473,1473,0.000000,0.002538,0.007082,0.028347,0.004542,0.019000
,3550000,4043551,3740528,332.970000,336.860000,0.005054,0.045000,,2290000,296155,2404051,115.580000,245.450000,0.000370,0.024000,0.006247,0,893,0.000000,1.000000,0.002876,0,893,0.000000,0.015000,861,861,0.000000,0.010568,0.012334,0.059637,0.003342,0.013000
,3610000,4073527,3769169,335.440000,339.540000,0.005092,0.041000,,2080000,254270,2166563,81.400000,221.400000,0.000318,0.021000,0.006199,0,893,0.000000,1.000000,0.000956,0,893,0.000000,0.018000,2671,2671,0.000000,0.002524,0.003765,0.024480,0.004249,0.034000
,3580000,4073881,3769369,335.460000,339.460000,0.005092,0.041000,,2100000,258496,2207632,82.100000,225.400000,0.000323,0.027000,0.006363,0,893,0.000000,1.000000,0.001028,0,893,0.000000,0.017000,3785,3785,0.000000,0.002535,0.002628,0.023839,0.000558,0.049000
,3090000,3494052,3211709,288.210000,293.710000,0.004368,0.042000,,3070000,3462351,3129742,325.670000,323.380000,0.004328,0.044000,0.007081,0,893,0.000000,1.000000,0.001729,0,893,0.000000,0.022000,3042,3042,0.000000,0.002680,0.003342,0.083506,0.003653,0.040000
,2750000,3175133,2904560,261.840000,264.440000,0.003969,0.037000,,3070000,3547270,3211154,327.870000,327.870000,0.004434,0.044000,0.007444,0,893,0.000000,1.000000,0.002267,0,893,0.000000,0.022000,740,740,0.000000,0.010575,0.014129,0.023364,0.004102,0.013000
,3030000,3469766,3175354,285.890000,289.090000,0.004337,0.039000,,3130000,3631567,3287344,335.840000,335.740000,0.004539,0.042000,0.006356,0,893,0.000000,1.000000,0.002129,0,893,0.000000,0.022000,906,906,0.000000,0.011088,0.011643,0.016519,0.000443,0.012000
,3010000,3466074,3172302,285.410000,288.810000,0.004333,0.040000,,3170000,3645628,3300193,336.960000,336.960000,0.004557,0.041000,0.006218,0,893,0.000000,1.000000,0.001779,0,893,0.000000,0.020900,1092,1092,0.000000,0.002696,0.010131,0.122195,0.010017,0.020000
,2990000,3447289,3154323,283.870000,287.170000,0.004309,0.038100,,3150000,3636954,3292283,336.230000,336.230000,0.004546,0.043900,0.006273,0,893,0.000000,1.000000,0.001972,0,893,0.000000,0.021000,797,797,0.000000,0.010573,0.013153,0.024478,0.003429,0.012000
,3050000,3472888,3192334,286.410000,292.010000,0.004341,0.041000,,3050000,3437252,3104983,326.300000,322.000000,0.004297,0.044000,0.006272,0,893,0.000000,1.000000,0.001805,0,893,0.000000,0.024000,3595,3595,0.000000,0.002669,0.002764,0.028598,0.000512,0.046000
,3030000,3460674,3167530,284.970000,288.380000,0.004326,0.036100,,3050000,3514606,3181563,324.880000,324.880000,0.004393,0.043000,0.006337,0,893,0.000000,1.000000,0.001849,0,893,0.000000,0.019000,3595,3595,0.000000,0.002682,0.002765,0.028467,0.000571,0.048000
,2990000,3458795,3163557,284.820000,288.110000,0.004323,0.039000,,3170000,3664052,3316940,338.600000,338.600000,0.004580,0.042000,0.006335,0,893,0.000000,1.000000,0.001758,0,893,0.000000,0.020000,2263,2263,0.000000,0.002689,0.004570,0.061794,0.003968,0.032000
,3030000,3440395,3149112,283.300000,286.700000,0.004300,0.038000,,2980000,3500922,3168869,324.100000,323.700000,0.004376,0.043000,0.006227,0,893,0.000000,1.000000,0.001743,0,893,0.000000,0.022000,735,735,0.000000,0.010592,0.014216,0.025304,0.004130,0.012000
,3020000,3478041,3184261,286.400000,289.900000,0.004348,0.038000,,3060000,3484659,3153934,323.080000,322.080000,0.004356,0.041000,0.006339,0,893,0.000000,1.000000,0.001749,0,893,0.000000,0.022000,694,694,0.000000,0.010591,0.015030,0.025849,0.004472,0.012000
,3660000,2690312,3820139,272.400000,349.500000,0.003363,0.052000,,2320000,328081,2380202,118.020000,247.250000,0.000410,0.021000,0.010526,0,893,0.000000,1.000000,0.001029,0,893,0.000000,0.016000,3597,3597,0.000000,0.002678,0.002761,0.028467,0.000497,0.049000
,3530000,2596325,3707009,262.960000,337.740000,0.003245,0.047000,,2390000,338625,2502133,120.380000,255.440000,0.000423,0.025000,0.007037,0,893,0.000000,1.000000,0.001032,0,893,0.000000,0.017000,1981,1981,0.000000,0.002681,0.005207,0.083593,0.006354,0.031000
,3510000,2726889,3703578,262.970000,337.430000,0.003409,0.051900,,2310000,324733,2420168,111.400000,247.100000,0.000406,0.024000,0.007011,0,893,0.000000,1.000000,0.002124,0,893,0.000000,0.017000,2721,2721,0.000000,0.002666,0.003724,0.025842,0.002984,0.038000
,3640000,2680786,3791369,269.300000,345.500000,0.003351,0.050000,,2190000,295212,2289904,83.900000,233.800000,0.000369,0.021000,0.006253,0,893,0.000000,1.000000,0.001048,0,893,0.000000,0.019000,3587,3587,0.000000,0.002686,0.002775,0.028565,0.000666,0.048000
,3260000,2485453,3447406,246.850000,314.090000,0.003107,0.045000,,2190000,295379,2287649,84.520000,233.670000,0.000369,0.022000,0.006974,0,893,0.000000,1.000000,0.001033,0,893,0.000000,0.018000,2026,2026,0.000000,0.002689,0.005088,0.064851,0.005829,0.030000
,2870000,3236216,2971327,267.230000,271.730000,0.004045,0.041000,,2290000,323782,2334749,118.020000,243.240000,0.000405,0.021000,0.006289,0,893,0.000000,1.000000,0.001329,0,893,0.000000,0.018000,1365,1365,0.000000,0.002683,0.007882,0.083704,0.005888,0.020000
,3010000,3476827,3181942,286.300000,289.900000,0.004346,0.037000,,2330000,327362,2431482,113.790000,248.350000,0.000409,0.024000,0.006620,0,893,0.000000,1.000000,0.001560,0,893,0.000000,0.018000,615,615,0.000000,0.010574,0.016862,0.025410,0.004611,0.011000
,3050000,3490032,3189915,287.390000,290.790000,0.004363,0.038000,,2410000,345715,2517553,129.800000,257.200000,0.000432,0.023000,0.006194,0,893,0.000000,1.000000,0.001252,0,893,0.000000,0.017000,815,815,0.000000,0.010595,0.013860,0.132800,0.009128,0.013000
,3000000,3450110,3156697,284.100000,287.600000,0.004313,0.040000,,2230000,307576,2334193,97.500000,238.260000,0.000384,0.019000,0.006147,0,893,0.000000,1.000000,0.001086,0,893,0.000000,0.016000,899,899,0.000000,0.011087,0.011956,0.076753,0.003501,0.013000
,3030000,3474735,3178877,286.130000,289.620000,0.004343,0.042900,,2220000,306784,2319793,98.700000,236.900000,0.000383,0.021000,0.006685,0,893,0.000000,1.000000,0.001112,0,893,0.000000,0.019000,1727,1727,0.000000,0.002670,0.005894,0.020867,0.006510,0.026000
,7440000,7966959,7695245,665.970000,665.970000,0.009959,0.034000,,7580000,8016436,7733722,692.900000,692.800000,0.010021,0.047000,0.006352,0,893,0.000000,1.000000,0.000742,0,893,0.000000,0.014000,5399,5399,0.000000,0.001775,0.001835,0.006125,0.000195,0.054900
,7390000,7931292,7660895,662.740000,662.740000,0.009914,0.037000,,8010000,8540065,8241001,733.000000,733.000000,0.010675,0.048000,0.006111,0,893,0.000000,1.000000,0.001152,0,893,0.000000,0.015000,5356,5356,0.000000,0.001773,0.001856,0.032220,0.000660,0.051000
,7350000,7875446,7606965,658.040000,658.040000,0.009844,0.039000,,8010000,8549672,8250217,733.930000,733.830000,0.010687,0.046000,0.006128,0,893,0.000000,1.000000,0.000841,0,893,0.000000,0.017000,5322,5322,0.000000,0.001781,0.001889,0.074433,0.001495,0.053000
,7410000,7951590,7680464,664.500000,664.400000,0.009939,0.039000,,7370000,7859740,7584493,674.630000,674.630000,0.009825,0.043000,0.006160,0,893,0.000000,1.000000,0.000700,0,893,0.000000,0.015000,5356,5356,0.000000,0.001789,0.001849,0.006099,0.000196,0.054900
,7410000,7940768,7670060,663.500000,663.500000,0.009926,0.039000,,8020000,8546506,8247211,733.570000,733.570000,0.010683,0.048000,0.006703,0,893,0.000000,1.000000,0.000703,0,893,0.000000,0.015000,5358,5358,0.000000,0.001790,0.001852,0.029026,0.000485,0.049000
,7440000,7940644,7669772,663.900000,663.900000,0.009926,0.043000,,7600000,8021282,7738440,693.210000,693.110000,0.010027,0.048900,0.006154,0,893,0.000000,0.996000,0.001005,0,893,0.000000,0.015000,5335,5335,0.000000,0.001787,0.001857,0.028940,0.000433,0.052100
,7310000,7853401,7585672,656.200000,656.200000,0.009817,0.040000,,7960000,8498123,8200528,729.400000,729.400000,0.010623,0.048000,0.006111,0,893,0.000000,1.000000,0.001048,0,893,0.000000,0.015000,5284,5284,0.000000,0.001790,0.001901,0.074044,0.001483,0.050000
,7370000,7940819,7670060,663.600000,663.500000,0.009926,0.042000,,7940000,8476053,8179222,727.530000,727.530000,0.010595,0.046000,0.006171,0,893,0.000000,1.000000,0.000912,0,893,0.000000,0.016000,5348,5348,0.000000,0.001796,0.001852,0.006134,0.000174,0.053000
,7160000,7693030,7430768,642.800000,642.800000,0.009616,0.036000,,7970000,8497622,8200039,729.370000,729.370000,0.010622,0.049000,0.006202,0,893,0.000000,1.000000,0.000994,0,893,0.000000,0.018000,5320,5320,0.000000,0.001792,0.001868,0.025538,0.000510,0.053000
,7040000,7538694,7281644,630.000000,629.900000,0.009423,0.040000,,7980000,8500064,8202348,729.670000,729.570000,0.010625,0.050000,0.006158,0,893,0.000000,1.000000,0.000832,0,893,0.000000,0.016000,5294,5294,0.000000,0.001802,0.001893,0.063337,0.001326,0.053900
,6930000,4659541,7156458,619.920000,619.920000,0.005824,0.052100,,7250000,613210,7393544,662.240000,662.240000,0.000767,0.047000,0.006152,0,893,0.000000,1.000000,0.000749,0,893,0.000000,0.015000,5285,5285,0.000000,0.001806,0.001876,0.028941,0.000434,0.054900
,6900000,4798946,7184188,621.900000,621.900000,0.005999,0.054000,,7580000,643759,7809002,694.790000,694.590000,0.000805,0.042000,0.006128,0,893,0.000000,0.992000,0.000720,0,893,0.000000,0.014000,5307,5307,0.000000,0.001815,0.001865,0.005907,0.000195,0.052000
,6910000,4769618,7144912,618.700000,618.500000,0.005962,0.058000,,7620000,646349,7841852,697.500000,697.500000,0.000808,0.043000,0.006122,0,893,0.000000,0.990000,0.000780,0,893,0.000000,0.015000,4818,4821,0.000622,0.001808,0.002349,0.154357,0.005389,0.048000
,6870000,4808302,7132004,617.180000,617.380000,0.006010,0.054900,,7600000,643944,7812462,694.910000,694.910000,0.000805,0.046000,0.006202,0,893,0.000000,1.000000,0.001026,0,893,0.000000,0.015000,5277,5277,0.000000,0.001812,0.001883,0.028909,0.000572,0.052900
,6910000,4737768,7162240,620.200000,620.000000,0.005922,0.056000,,7570000,642602,7795788,693.600000,693.400000,0.000803,0.044000,0.006156,0,893,0.000000,1.000000,0.000595,0,893,0.000000,0.016000,5291,5291,0.000000,0.001811,0.001871,0.005940,0.000200,0.052000
,7370000,7899396,7624783,660.460000,660.460000,0.009874,0.043000,,7200000,609059,7339238,657.800000,657.800000,0.000761,0.042000,0.006055,0,893,0.000000,1.000000,0.000689,0,893,0.000000,0.017000,5301,5301,0.000000,0.001807,0.001873,0.032484,0.000621,0.053900
,7320000,7838382,7565925,654.950000,654.950000,0.009798,0.039000,,7660000,649592,7880985,701.000000,701.000000,0.000812,0.047000,0.005897,0,893,0.000000,1.000000,0.000642,0,893,0.000000,0.073000,5236,5236,0.000000,0.001809,0.001923,0.078825,0.001629,0.054000
,7250000,7806101,7534766,652.250000,652.250000,0.009758,0.043000,,7040000,597205,7244275,644.560000,644.360000,0.000747,0.045000,0.006223,0,893,0.000000,1.000000,0.001063,0,893,0.000000,0.030000,5304,5304,0.000000,0.001811,0.001869,0.028884,0.000430,0.052000
,7310000,7828371,7556163,654.300000,654.100000,0.009785,0.039000,,7570000,643379,7805719,694.290000,694.290000,0.000804,0.043000,0.006468,0,893,0.000000,1.000000,0.000987,0,893,0.000000,0.462500,5287,5287,0.000000,0.001814,0.001878,0.029010,0.000484,0.055000
,7290000,7834252,7561939,654.600000,654.600000,0.009793,0.040000,,7650000,647649,7857555,698.900000,698.900000,0.000810,0.044900,0.006128,0,893,0.000000,1.000000,0.000839,0,893,0.000000,0.015000,5251,5251,0.000000,0.001813,0.001910,0.064766,0.001280,0.052000
,4139999,4498248,4250460,377.700000,377.700000,0.005623,0.045000,,4250000,4566895,4312534,388.990000,388.890000,0.005709,0.045000,0.006277,0,893,0.000000,1.000000,0.001320,0,893,0.000000,0.020000,3827,3827,0.000000,0.002499,0.002620,0.066127,0.001422,0.049000
,4030000,4449144,4204456,373.000000,373.000000,0.005561,0.041000,,4320000,4700222,4442084,395.110000,395.110000,0.005875,0.047900,0.006266,0,893,0.000000,1.000000,0.001346,0,893,0.000000,0.019000,3858,3858,0.000000,0.002498,0.002574,0.016866,0.000384,0.046900
,4130000,4501947,4254307,377.520000,377.420000,0.005627,0.041000,,4390000,4776247,4513933,401.500000,401.500000,0.005970,0.045000,0.006352,0,893,0.000000,1.000000,0.001298,0,893,0.000000,0.019000,3855,3855,0.000000,0.002491,0.002579,0.029859,0.000673,0.051100
,3790000,4175448,3945764,350.150000,350.050000,0.005219,0.038000,,4430000,4828647,4563407,406.000000,405.900000,0.006036,0.048000,0.006221,0,893,0.000000,1.000000,0.001357,0,893,0.000000,0.021000,3828,3828,0.000000,0.002497,0.002623,0.066180,0.001566,0.048000
,4070000,4474489,4228407,375.120000,375.120000,0.005593,0.042000,,4420000,4816738,4552152,405.000000,404.900000,0.006021,0.048000,0.006226,0,893,0.000000,1.000000,0.001669,0,893,0.000000,0.019000,3845,3845,0.000000,0.002500,0.002588,0.028500,0.000568,0.049900
,4099999,4475880,4229323,375.820000,375.820000,0.005595,0.039000,,4230000,4567036,4313288,388.090000,388.090000,0.005709,0.045000,0.006271,0,893,0.000000,1.000000,0.001300,0,893,0.000000,0.020000,3840,3840,0.000000,0.002484,0.002587,0.029985,0.000509,0.048000
,4130000,4510960,4262824,378.280000,378.180000,0.005639,0.041000,,4310000,4687217,4429745,394.110000,394.010000,0.005859,0.045900,0.006271,0,893,0.000000,1.000000,0.001297,0,893,0.000000,0.021000,3564,3564,0.000000,0.002485,0.003119,0.135705,0.005189,0.045000
,4059999,4487597,4240794,376.220000,376.220000,0.005609,0.040000,,4440000,4841678,4575771,407.000000,407.000000,0.006052,0.048000,0.006159,0,893,0.000000,0.996000,0.001826,0,893,0.000000,0.018000,3846,3846,0.000000,0.002473,0.002604,0.064934,0.001334,0.048900
,4080000,4463816,4218272,374.330000,374.230000,0.005580,0.043000,,4420000,4810793,4546534,404.500000,404.400000,0.006013,0.045000,0.006520,0,893,0.000000,1.000000,0.001839,0,893,0.000000,0.016000,3863,3863,0.000000,0.002488,0.002573,0.031319,0.000520,0.049000
,4120000,4530064,4280877,379.880000,379.780000,0.005663,0.041000,,4390000,4777465,4515036,401.700000,401.600000,0.005972,0.047000,0.007248,0,893,0.000000,1.000000,0.006029,0,893,0.000000,0.018000,3842,3842,0.000000,0.002482,0.002601,0.035211,0.000888,0.047000
,4380000,3098576,4523466,402.200000,402.200000,0.003873,0.054900,,5390000,579682,5501643,493.210000,493.110000,0.000725,0.044000,0.006246,0,893,0.000000,1.000000,0.000811,0,893,0.000000,0.016000,3836,3836,0.000000,0.002497,0.002598,0.034562,0.000743,0.048900
,4340000,3041850,4496597,399.300000,399.200000,0.003802,0.052900,,5750000,620136,5928565,527.330000,527.330000,0.000775,0.044000,0.006169,0,893,0.000000,1.000000,0.000818,0,893,0.000000,0.017000,3824,3824,0.000000,0.002507,0.002619,0.064867,0.001342,0.046100
,4310000,3149006,4462753,396.200000,396.200000,0.003936,0.052100,,5320000,571904,5467466,486.310000,486.310000,0.000715,0.043000,0.006133,0,893,0.000000,1.000000,0.000844,0,893,0.000000,0.019000,3828,3828,0.000000,0.002508,0.002596,0.029785,0.000518,0.047000
,4350000,3091565,4522479,401.500000,401.500000,0.003864,0.052900,,5720000,615856,5886656,523.800000,523.600000,0.000770,0.042000,0.006211,0,893,0.000000,1.000000,0.000806,0,893,0.000000,0.017000,3824,3824,0.000000,0.002514,0.002599,0.029874,0.000527,0.048000
,4310000,3129482,4472967,397.200000,397.100000,0.003912,0.052900,,5780000,622809,5954124,529.600000,529.600000,0.000779,0.045000,0.006217,0,893,0.000000,1.000000,0.000880,0,893,0.000000,0.015000,3821,3821,0.000000,0.002513,0.002651,0.075049,0.002040,0.049900
,4090000,4488217,4237970,376.850000,376.850000,0.005610,0.044100,,5450000,582942,5517995,496.000000,496.000000,0.000729,0.045000,0.006265,0,893,0.000000,0.996000,0.000779,0,893,0.000000,0.016000,3806,3806,0.000000,0.002509,0.002659,0.075031,0.002036,0.050000
,4040000,4416506,4170602,370.360000,370.260000,0.005521,0.043900,,5750000,618428,5912231,525.870000,525.870000,0.000773,0.046000,0.006198,0,893,0.000000,1.000000,0.001124,0,893,0.000000,0.016000,3845,3845,0.000000,0.002505,0.002584,0.028536,0.000487,0.046000
,4070000,4473297,4224281,375.020000,375.020000,0.005592,0.042000,,5730000,618217,5909713,525.750000,525.650000,0.000773,0.042100,0.006162,0,893,0.000000,1.000000,0.001202,0,893,0.000000,0.017000,3828,3828,0.000000,0.002510,0.002598,0.029864,0.000627,0.049000
,3770000,4149180,3918158,347.950000,347.850000,0.005186,0.040000,,5790000,622204,5947848,529.140000,529.040000,0.000778,0.045900,0.007230,0,893,0.000000,1.000000,0.001056,0,893,0.000000,0.015000,3815,3815,0.000000,0.002514,0.002633,0.061787,0.001506,0.049000
,4050000,4454842,4206805,373.570000,373.470000,0.005569,0.042000,,5780000,621834,5944800,528.770000,528.770000,0.000777,0.045000,0.006029,0,893,0.000000,1.000000,0.000863,0,893,0.000000,0.019000,3825,3825,0.000000,0.002521,0.002598,0.029890,0.000509,0.048000
,3390000,3758820,3511387,315.620000,315.620000,0.004699,0.037000,,2970000,3261751,3014350,316.170000,316.170000,0.004077,0.042900,0.010002,0,893,0.000000,1.000000,0.007328,0,893,0.000000,0.018000,3695,3695,0.000000,0.002596,0.002689,0.030008,0.000518,0.046000
,3400000,3776404,3528190,316.600000,316.600000,0.004721,0.040000,,2950000,3299008,3052148,315.400000,315.200000,0.004124,0.040000,0.006339,0,893,0.000000,1.000000,0.001701,0,893,0.000000,0.022000,3418,3418,0.000000,0.002601,0.003198,0.135169,0.005085,0.044000
,3410000,3755823,3508914,314.970000,314.870000,0.004695,0.044900,,3080000,3442896,3185314,329.030000,329.030000,0.004304,0.042000,0.006389,0,893,0.000000,1.000000,0.001686,0,893,0.000000,0.019000,3674,3674,0.000000,0.002602,0.002725,0.065484,0.001375,0.043000
,3340000,3746804,3500487,314.210000,314.110000,0.004684,0.038000,,3070000,3434513,3177580,328.200000,328.200000,0.004293,0.040000,0.006312,0,893,0.000000,1.000000,0.001684,0,893,0.000000,0.020000,3705,3705,0.000000,0.002598,0.002690,0.031883,0.000653,0.047000
,3410000,3783766,3535068,317.220000,317.220000,0.004730,0.037000,,3050000,3400795,3146405,324.950000,324.950000,0.004251,0.038900,0.006322,0,893,0.000000,1.000000,0.001671,0,893,0.000000,0.018000,3679,3679,0.000000,0.002605,0.002712,0.030679,0.000846,0.044000
,3430000,3784840,3535839,317.620000,317.620000,0.004731,0.039000,,2950000,3249692,3003306,314.900000,314.800000,0.004062,0.039000,0.006439,0,893,0.000000,1.000000,0.001927,0,893,0.000000,0.020000,3694,3694,0.000000,0.002598,0.002697,0.032083,0.000777,0.050000
,3400000,3769299,3521504,316.100000,316.000000,0.004712,0.040000,,2740000,3064028,2834750,292.910000,292.810000,0.003830,0.039000,0.006332,0,893,0.000000,1.000000,0.001796,0,893,0.000000,0.019000,3669,3669,0.000000,0.002601,0.002732,0.066323,0.001466,0.046000
,3360000,3739318,3493493,313.590000,313.490000,0.004674,0.038000,,3080000,3436017,3178949,328.370000,328.370000,0.004295,0.040000,0.006817,0,893,0.000000,1.000000,0.001708,0,893,0.000000,0.019000,3707,3707,0.000000,0.002591,0.002678,0.007053,0.000223,0.045000
,3380000,3768106,3520389,316.000000,315.900000,0.004710,0.037000,,3050000,3409916,3154738,326.030000,325.830000,0.004262,0.040000,0.006342,0,893,0.000000,1.000000,0.001868,0,893,0.000000,0.022000,3697,3697,0.000000,0.002603,0.002695,0.031843,0.000645,0.047000
,3400000,3776404,3528190,316.600000,316.600000,0.004721,0.040000,,3060000,3417798,3162158,326.550000,326.550000,0.004272,0.044900,0.006028,0,893,0.000000,1.000000,0.001751,0,893,0.000000,0.021000,3678,3678,0.000000,0.002595,0.002774,0.090947,0.002564,0.049000
,3690000,2622507,3811152,342.860000,342.760000,0.003278,0.049000,,4400000,609565,4482153,468.100000,467.900000,0.000762,0.045000,0.006436,0,893,0.000000,1.000000,0.000853,0,893,0.000000,0.018000,3640,3640,0.000000,0.002629,0.002774,0.081147,0.001917,0.047000
,3700000,2625608,3828556,343.800000,343.800000,0.003282,0.048000,,4500000,626180,4649433,480.200000,480.200000,0.000783,0.043000,0.006236,0,893,0.000000,1.000000,0.000815,0,893,0.000000,0.017000,3663,3663,0.000000,0.002625,0.002712,0.024076,0.000423,0.048000
,3340000,2523512,3488908,313.400000,313.300000,0.003154,0.047000,,4630000,645133,4789775,494.790000,494.690000,0.000806,0.041000,0.006216,0,893,0.000000,1.000000,0.000813,0,893,0.000000,0.016000,3669,3669,0.000000,0.002627,0.002709,0.030052,0.000517,0.047000
,3690000,2631523,3793130,340.720000,340.620000,0.003289,0.050900,,4620000,642290,4768670,492.610000,492.510000,0.000803,0.045900,0.006324,0,893,0.000000,1.000000,0.001835,0,893,0.000000,0.017000,3641,3641,0.000000,0.002624,0.002777,0.081235,0.001948,0.046000
,3650000,2673643,3807865,341.940000,341.940000,0.003342,0.048000,,4590000,639924,4751097,490.800000,490.700000,0.000800,0.042000,0.006220,0,893,0.000000,1.000000,0.000859,0,893,0.000000,0.019000,3677,3677,0.000000,0.002627,0.002701,0.007027,0.000248,0.048000
,3300000,3625001,3384001,304.300000,304.300000,0.004531,0.038000,,4400000,610790,4501987,468.800000,468.800000,0.000763,0.043000,0.006132,0,893,0.000000,1.000000,0.001002,0,893,0.000000,0.019000,3411,3411,0.000000,0.002614,0.003200,0.136805,0.005171,0.045000
,3220000,3589175,3350812,301.000000,300.900000,0.004486,0.037000,,4530000,631527,4690003,484.300000,484.300000,0.000789,0.045000,0.006807,0,893,0.000000,1.000000,0.000958,0,893,0.000000,0.016000,3683,3683,0.000000,0.002611,0.002699,0.030096,0.000516,0.048000
,3240000,3597484,3358617,301.600000,301.600000,0.004497,0.036000,,4620000,642280,4767872,492.610000,492.510000,0.000803,0.043000,0.006231,0,893,0.000000,1.000000,0.000949,0,893,0.000000,0.016000,3652,3652,0.000000,0.002610,0.002756,0.063551,0.001597,0.047000
,3220000,3607027,3367526,302.400000,302.400000,0.004509,0.039000,,4600000,640184,4753324,491.000000,490.900000,0.000800,0.045000,0.009887,0,893,0.000000,1.000000,0.000903,0,893,0.000000,0.017000,3676,3676,0.000000,0.002618,0.002705,0.030627,0.000558,0.047000
,3230000,3608322,3368640,302.700000,302.500000,0.004510,0.036000,,4630000,643662,4779092,493.610000,493.610000,0.000805,0.044000,0.006201,0,893,0.000000,1.000000,0.001362,0,893,0.000000,0.017000,3675,3675,0.000000,0.002618,0.002704,0.017387,0.000411,0.047000
,5710000,6209036,5903296,517.380000,511.790000,0.007761,0.037000,,5760000,6395653,5829012,959.540000,523.180000,0.007995,0.046000,0.006220,0,893,0.000000,1.000000,0.000969,0,893,0.000000,0.016000,4916,4916,0.000000,0.001957,0.002017,0.015081,0.000347,0.043000
,5640000,6123004,5812404,504.300000,503.500000,0.007654,0.038000,,5550000,6261526,5711214,931.900000,508.000000,0.007827,0.041000,0.006269,0,893,0.000000,1.000000,0.000898,0,893,0.000000,0.016000,1650,1650,0.000000,0.001950,0.006538,0.140893,0.009040,0.020000
,5630000,6183724,5870124,509.100000,508.500000,0.007730,0.038000,,5980000,6742587,6150273,1003.000000,547.050000,0.008428,0.046000,0.006892,0,893,0.000000,1.000000,0.001008,0,893,0.000000,0.015000,907,907,0.000000,0.011074,0.011546,0.016301,0.000311,0.014000
,5650000,6161865,5848190,507.400000,506.600000,0.007702,0.037000,,6020000,6790065,6193615,1010.000000,550.900000,0.008488,0.045000,0.006186,0,893,0.000000,1.000000,0.000930,0,893,0.000000,0.017000,621,621,0.000000,0.010523,0.016607,0.025274,0.004511,0.010000
,5650000,6165508,5852808,507.700000,507.000000,0.007707,0.039000,,6000000,6769777,6175103,1006.990000,549.250000,0.008462,0.047000,0.006209,0,893,0.000000,1.000000,0.000924,0,893,0.000000,0.019000,715,715,0.000000,0.010517,0.014588,0.054759,0.004654,0.013000
,5650000,6133866,5830876,510.890000,505.190000,0.007667,0.037000,,5770000,6381382,5816604,956.340000,521.880000,0.007977,0.043000,0.006196,0,893,0.000000,1.000000,0.000969,0,893,0.000000,0.016000,1889,1889,0.000000,0.001977,0.005432,0.027751,0.006000,0.022000
,5250000,5713617,5424177,470.870000,469.870000,0.007142,0.037000,,5990000,6755924,6162598,1004.700000,548.150000,0.008445,0.043000,0.006211,0,893,0.000000,1.000000,0.000989,0,893,0.000000,0.018000,600,600,0.000000,0.010503,0.017233,0.037435,0.004617,0.012000
,5600000,6161865,5848190,507.400000,506.600000,0.007702,0.038000,,6050000,6837290,6236862,1016.720000,554.750000,0.008547,0.046000,0.006162,0,893,0.000000,1.000000,0.001143,0,893,0.000000,0.019000,906,906,0.000000,0.011061,0.011693,0.063111,0.002481,0.013000
,5620000,6120576,5810095,504.000000,503.300000,0.007651,0.038000,,6030000,6805960,6208260,1012.100000,552.200000,0.008507,0.044000,0.006539,0,893,0.000000,1.000000,0.000912,0,893,0.000000,0.016000,720,720,0.000000,0.010519,0.014443,0.026338,0.004304,0.013000
,5660000,6172795,5860888,508.300000,507.700000,0.007716,0.035000,,5980000,6742902,6150867,1002.500000,547.110000,0.008429,0.044900,0.006219,0,893,0.000000,1.000000,0.000929,0,893,0.000000,0.018000,642,642,0.000000,0.010523,0.016844,0.124140,0.008482,0.012000
,6250000,4249055,6439760,452.750000,558.640000,0.005311,0.053900,,1640000,118605,1661060,55.940000,152.750000,0.000148,0.013000,0.010259,0,893,0.000000,1.000000,0.000835,0,893,0.000000,0.017000,4843,4843,0.000000,0.001986,0.002048,0.027822,0.000438,0.048100
,6110000,4352333,6370782,448.450000,552.250000,0.005440,0.051100,,1640000,114428,1689779,50.100000,150.300000,0.000143,0.012000,0.006280,0,893,0.000000,1.000000,0.000759,0,893,0.000000,0.016000,3523,3523,0.000000,0.001981,0.002881,0.074705,0.004067,0.037000
,6140000,4240496,6347107,447.800000,550.200000,0.005301,0.053000,,1640000,113860,1683562,49.650000,149.750000,0.000142,0.014000,0.006233,0,893,0.000000,1.000000,0.001245,0,893,0.000000,0.018000,870,870,0.000000,0.010529,0.012043,0.030466,0.002113,0.013000
,6110000,4355518,6358053,448.550000,551.150000,0.005444,0.050900,,1630000,113512,1674062,49.900000,148.900000,0.000142,0.012000,0.006239,0,893,0.000000,1.000000,0.002110,0,893,0.000000,0.017000,789,789,0.000000,0.010521,0.013191,0.025024,0.003553,0.012000
,6240000,4345486,6436419,452.050000,557.940000,0.005432,0.053900,,1610000,112372,1659417,49.200000,147.600000,0.000140,0.012000,0.009177,0,893,0.000000,1.000000,0.000937,0,893,0.000000,0.016000,572,572,0.000000,0.010521,0.017999,0.021627,0.004248,0.011000
,5620000,6110642,5804708,509.100000,503.400000,0.007638,0.040000,,1640000,120180,1662430,59.200000,152.200000,0.000150,0.012000,0.006208,0,893,0.000000,1.000000,0.000921,0,893,0.000000,0.014000,2584,2585,0.000387,0.001973,0.003994,0.061330,0.004162,0.026000
,5560000,6063507,5751865,499.300000,498.600000,0.007579,0.038000,,1630000,114084,1683562,50.050000,149.750000,0.000143,0.014000,0.006077,0,893,0.000000,1.000000,0.000779,0,893,0.000000,0.018000,569,569,0.000000,0.010501,0.018114,0.024956,0.004236,0.014000
,5600000,6119409,5804952,503.900000,503.200000,0.007649,0.036000,,1640000,114314,1688088,50.050000,150.150000,0.000143,0.011000,0.006129,0,893,0.000000,1.000000,0.000808,0,893,0.000000,0.017000,804,804,0.000000,0.010523,0.012960,0.020661,0.003351,0.012000
,5560000,6078065,5766847,500.500000,499.900000,0.007598,0.039000,,1640000,113972,1683033,49.900000,149.700000,0.000142,0.014000,0.006131,0,893,0.000000,1.000000,0.000929,0,893,0.000000,0.017000,861,861,0.000000,0.010527,0.012360,0.074031,0.003995,0.012000
,5600000,6116887,5802573,503.700000,503.000000,0.007646,0.039000,,1640000,114025,1681335,50.150000,149.550000,0.000143,0.012000,0.006201,0,893,0.000000,1.000000,0.000781,0,893,0.000000,0.015000,571,571,0.000000,0.010521,0.018040,0.025659,0.004294,0.012000
,3430000,3787163,3521937,312.900000,313.500000,0.004734,0.042000,,4050000,4364693,4040395,368.860000,364.570000,0.005456,0.043900,0.005999,0,893,0.000000,1.000000,0.001649,0,893,0.000000,0.452100,3644,3644,0.000000,0.002622,0.002732,0.028478,0.000707,0.049000
,3600000,4024521,3734740,331.400000,331.800000,0.005031,0.042000,,4190000,4658359,4319252,384.180000,384.180000,0.005823,0.114100,0.006246,0,893,0.000000,1.000000,0.001737,0,893,0.000000,0.022000,3661,3661,0.000000,0.002626,0.002710,0.007157,0.000254,0.049000
,3580000,4008369,3717516,330.070000,330.270000,0.005010,0.043000,,4250000,4716756,4373400,389.000000,389.000000,0.005896,0.049000,0.007355,0,893,0.000000,1.000000,0.001516,0,893,0.000000,0.020000,1171,1171,0.000000,0.002627,0.008951,0.060869,0.006570,0.018000
,3620000,4046380,3753876,333.200000,333.500000,0.005058,0.044000,,4210000,4678065,4337420,386.000000,385.800000,0.005848,0.061000,0.008611,0,893,0.000000,1.000000,0.001482,0,893,0.000000,0.021000,895,895,0.000000,0.011102,0.012502,0.129363,0.007628,0.012000
,3620000,4062587,3767774,334.530000,334.730000,0.005078,0.040000,,4250000,4721604,4377894,389.400000,389.400000,0.005902,0.052000,0.006284,0,893,0.000000,1.000000,0.001545,0,893,0.000000,0.021000,613,613,0.000000,0.010552,0.016852,0.021356,0.004590,0.011000
,3680000,4076854,3794243,336.100000,337.500000,0.005096,0.042000,,4090000,4441308,4113264,372.400000,370.100000,0.005552,0.050000,0.006369,0,893,0.000000,1.000000,0.001425,0,893,0.000000,0.021000,3567,3567,0.000000,0.002619,0.002821,0.062866,0.001723,0.046000
,3570000,3991844,3702098,328.900000,328.900000,0.004990,0.044000,,4179999,4639365,4301642,382.620000,382.620000,0.005799,0.047000,0.006220,0,893,0.000000,1.000000,0.001508,0,893,0.000000,0.022000,775,775,0.000000,0.010516,0.013494,0.036048,0.003820,0.012000
,3640000,4048809,3753876,333.400000,333.500000,0.005061,0.043000,,4210000,4686387,4345134,386.690000,386.490000,0.005858,0.048000,0.006257,0,893,0.000000,1.000000,0.003262,0,893,0.000000,0.020000,636,636,0.000000,0.010556,0.016297,0.021514,0.004641,0.013000
,3600000,4038698,3746752,332.570000,332.870000,0.005048,0.042000,,3940000,4373974,4054791,362.160000,360.660000,0.005467,0.045000,0.006068,0,893,0.000000,1.000000,0.001397,0,893,0.000000,0.020000,905,905,0.000000,0.011057,0.011737,0.060460,0.002507,0.012000
,3570000,3998663,3709644,329.270000,329.570000,0.004998,0.043000,,4250000,4713251,4370147,388.710000,388.710000,0.005892,0.051900,0.006301,0,893,0.000000,1.000000,0.001396,0,893,0.000000,0.020000,699,699,0.000000,0.010536,0.014907,0.026271,0.004371,0.011000
,4150000,2947807,4270645,305.010000,380.280000,0.003685,0.050100,,1560000,154808,1595332,62.060000,146.050000,0.000194,0.022000,0.009900,0,893,0.000000,1.000000,0.000964,0,893,0.000000,0.018000,3657,3657,0.000000,0.002632,0.002714,0.006361,0.000233,0.047900
,4080000,2912884,4236522,303.890000,376.650000,0.003641,0.051900,,1670000,165488,1706055,72.230000,151.750000,0.000207,0.026000,0.006348,0,893,0.000000,1.000000,0.001176,0,893,0.000000,0.015000,3643,3643,0.000000,0.002629,0.002732,0.028473,0.000570,0.045000
,4059999,3023207,4220249,304.700000,375.200000,0.003779,0.054000,,1640000,161176,1686400,67.100000,150.000000,0.000201,0.024000,0.006487,0,893,0.000000,1.000000,0.001021,0,893,0.000000,0.018000,2728,2728,0.000000,0.002644,0.003741,0.075418,0.004341,0.034000
,4080000,2941916,4246120,306.800000,377.500000,0.003677,0.052000,,1770000,173182,1774742,76.980000,157.860000,0.000216,0.024000,0.006567,0,893,0.000000,1.000000,0.001242,0,893,0.000000,0.018000,905,905,0.000000,0.011105,0.011645,0.032717,0.000948,0.013000
,3780000,2752967,3920506,282.120000,348.550000,0.003441,0.049000,,1660000,162014,1751477,60.080000,155.790000,0.000203,0.026900,0.006439,0,893,0.000000,1.000000,0.000969,0,893,0.000000,0.018000,792,792,0.000000,0.010557,0.013218,0.030295,0.003565,0.012000
,3690000,4063146,3777718,334.970000,336.260000,0.005079,0.045000,,1580000,156045,1556361,68.070000,143.540000,0.000195,0.021000,0.006430,0,893,0.000000,1.000000,0.001196,0,893,0.000000,0.016000,3628,3628,0.000000,0.002644,0.002739,0.028451,0.000507,0.049900
,3530000,3982017,3690468,327.900000,328.100000,0.004978,0.042000,,1610000,159299,1676301,65.070000,149.100000,0.000199,0.025900,0.006333,0,893,0.000000,1.000000,0.001306,0,893,0.000000,0.017000,2041,2041,0.000000,0.002646,0.005083,0.063795,0.004378,0.026000
,3580000,4008734,3715214,330.100000,330.300000,0.005011,0.041000,,1720000,175599,1789373,79.380000,159.160000,0.000219,0.024000,0.007439,0,893,0.000000,1.000000,0.001225,0,893,0.000000,0.018000,557,557,0.000000,0.010559,0.019413,0.122832,0.008445,0.011000
,3580000,4014806,3721963,330.600000,330.900000,0.005019,0.043000,,1630000,162223,1678529,70.000000,149.300000,0.000203,0.024000,0.006186,0,893,0.000000,1.000000,0.001433,0,893,0.000000,0.017000,846,846,0.000000,0.010560,0.012391,0.021441,0.002628,0.013000
,3580000,3994673,3701063,328.940000,329.040000,0.004993,0.042900,,1470000,135407,1497150,45.850000,133.170000,0.000169,0.024000,0.006269,0,893,0.000000,1.000000,0.001042,0,893,0.000000,0.020000,849,849,0.000000,0.010559,0.012574,0.075204,0.004157,0.013000
,3110000,3461997,3186612,285.390000,286.690000,0.004327,0.038000,,3050000,3381494,3055801,324.880000,320.580000,0.004227,0.043000,0.006371,0,893,0.000000,1.000000,0.001751,0,893,0.000000,0.020000,1094,1094,0.000000,0.002748,0.009514,0.033710,0.006394,0.018000
,3030000,3440395,3154788,283.300000,283.500000,0.004300,0.037000,,3050000,3471272,3143592,324.800000,324.600000,0.004339,0.044000,0.006280,0,893,0.000000,1.000000,0.001792,0,893,0.000000,0.021000,905,905,0.000000,0.010711,0.011678,0.029136,0.000982,0.018000
,3030000,3443223,3156265,283.530000,283.630000,0.004304,0.040900,,2930000,3340642,3024751,313.470000,312.480000,0.004176,0.040900,0.006270,0,893,0.000000,1.000000,0.002100,0,893,0.000000,0.023000,625,625,0.000000,0.010538,0.016543,0.020837,0.004593,0.012000
,3030000,3426820,3142351,282.180000,282.380000,0.004284,0.037000,,3160000,3610928,3270141,337.700000,337.700000,0.004514,0.041000,0.006223,0,893,0.000000,1.000000,0.001744,0,893,0.000000,0.020000,784,784,0.000000,0.010565,0.013387,0.048369,0.003880,0.012000
,3070000,3455995,3170198,284.580000,284.880000,0.004320,0.041000,,3130000,3579891,3241918,335.000000,334.800000,0.004475,0.044000,0.006332,0,893,0.000000,1.000000,0.001728,0,893,0.000000,0.022000,906,906,0.000000,0.011087,0.011639,0.023443,0.000595,0.012000
,3110000,3478255,3200207,286.900000,288.100000,0.004348,0.037000,,3030000,3371239,3048266,321.300000,318.900000,0.004214,0.043000,0.006457,0,893,0.000000,1.000000,0.001766,0,893,0.000000,0.019000,3513,3513,0.000000,0.002736,0.002829,0.028605,0.000510,0.046000
,3000000,3406740,3123844,280.720000,280.720000,0.004258,0.038000,,3070000,3502852,3172183,327.670000,327.670000,0.004379,0.042000,0.006346,0,893,0.000000,1.000000,0.002079,0,893,0.000000,0.019000,3140,3140,0.000000,0.002737,0.003233,0.075551,0.002634,0.040000
,3000000,3395956,3115173,279.640000,279.940000,0.004245,0.040900,,3160000,3609715,3269028,337.600000,337.600000,0.004512,0.045000,0.006358,0,893,0.000000,1.000000,0.001795,0,893,0.000000,0.021000,697,697,0.000000,0.010562,0.015002,0.030880,0.004549,0.013000
,2820000,3192318,2926251,263.060000,262.960000,0.003990,0.036000,,3130000,3571534,3234336,334.230000,334.030000,0.004464,0.042900,0.006394,0,893,0.000000,1.000000,0.001702,0,893,0.000000,0.020000,688,688,0.000000,0.010568,0.015101,0.021077,0.004400,0.013000
,3030000,3441609,3154788,283.400000,283.500000,0.004302,0.036000,,3170000,3622237,3280300,338.840000,338.840000,0.004528,0.042000,0.006249,0,893,0.000000,1.000000,0.001716,0,893,0.000000,0.020000,905,905,0.000000,0.011182,0.011752,0.053970,0.002260,0.012000
,3680000,2656475,3808288,278.400000,342.700000,0.003321,0.049000,,2290000,297806,2342233,115.120000,245.650000,0.000372,0.022000,0.010008,0,893,0.000000,1.000000,0.000942,0,893,0.000000,0.020000,2311,2311,0.000000,0.002745,0.004414,0.062246,0.004798,0.034000
,3600000,2572280,3708147,269.230000,333.470000,0.003215,0.050900,,2250000,281991,2309963,98.000000,238.560000,0.000352,0.021000,0.006728,0,893,0.000000,1.000000,0.001440,0,893,0.000000,0.016000,896,896,0.000000,0.011448,0.012573,0.129920,0.007997,0.011000
,3540000,2704584,3693309,269.870000,332.130000,0.003381,0.047000,,2390000,316372,2473824,130.600000,255.500000,0.000395,0.027000,0.006717,0,893,0.000000,1.000000,0.001242,0,893,0.000000,0.018000,755,755,0.000000,0.010558,0.013813,0.025007,0.003933,0.014000
,3630000,2641661,3757716,275.950000,337.920000,0.003302,0.048900,,2150000,264628,2221940,82.400000,229.500000,0.000331,0.020000,0.006750,0,893,0.000000,1.000000,0.001577,0,893,0.000000,0.020000,652,652,0.000000,0.010563,0.016050,0.056262,0.005098,0.011000
,3550000,2633077,3694817,270.930000,332.270000,0.003291,0.049000,,2190000,269225,2263718,83.300000,233.800000,0.000337,0.021000,0.006483,0,893,0.000000,1.000000,0.001068,0,893,0.000000,0.018000,907,907,0.000000,0.011052,0.011595,0.016417,0.000322,0.013000
,3110000,3491626,3211275,288.000000,289.300000,0.004365,0.041000,,2280000,295155,2306044,116.600000,242.000000,0.000369,0.023000,0.006460,0,893,0.000000,1.000000,0.000960,0,893,0.000000,0.019000,3490,3490,0.000000,0.002754,0.002844,0.015885,0.000394,0.048000
,3030000,3435329,3147883,282.880000,283.080000,0.004294,0.037000,,2200000,277842,2272728,97.110000,234.730000,0.000347,0.023000,0.006258,0,893,0.000000,1.000000,0.001129,0,893,0.000000,0.018000,3502,3502,0.000000,0.002747,0.002836,0.006980,0.000218,0.046000
,3030000,3413907,3128263,281.120000,281.320000,0.004267,0.039000,,2400000,317374,2480601,131.200000,256.200000,0.000397,0.025000,0.006279,0,893,0.000000,1.000000,0.000971,0,893,0.000000,0.017000,1643,1643,0.000000,0.002736,0.006400,0.083665,0.006041,0.023000
,3020000,3448896,3160304,284.000000,284.200000,0.004311,0.039000,,2180000,267720,2249026,83.220000,232.270000,0.000335,0.021000,0.006241,0,893,0.000000,1.000000,0.000944,0,893,0.000000,0.015000,580,580,0.000000,0.010554,0.017812,0.021066,0.004350,0.013000
,3030000,3445054,3156788,283.680000,283.880000,0.004306,0.036000,,2180000,268295,2254641,83.280000,232.830000,0.000335,0.019000,0.006202,0,893,0.000000,1.000000,0.001126,0,893,0.000000,0.019000,907,907,0.000000,0.011051,0.011599,0.016520,0.000365,0.012000
